symbol,picks,close5_bp,own_target_pct,own_target_hit_pct,own_target_bp,t5_hit_pct,mfe_med_pct,s1_mae_med_pct,own_target_vs_close5_bp
NDL,92,109.58271555228295,5.594603630774857,58.69565217391305,32.656318636118954,63.04347826086957,7.0336391437308965,-2.8193164,-76.926396916164
PCJEWELLER,84,451.67550410534363,5.970847751900908,59.523809523809526,268.16561002386936,66.66666666666666,7.680871554110979,-1.9151102,-183.50989408147427
FCL,54,129.98886597767853,6.319374016796549,42.592592592592595,52.106082202170136,55.55555555555556,5.8258229185002675,-1.3912708,-77.88278377550839
CUPID,53,470.1417367293964,5.030141749753142,64.15094339622641,144.13213320728906,62.264150943396224,7.460317460317456,-2.252252,-326.00960352210734
VAKRANGEE,42,-356.69156543418626,3.524277057676088,50.0,-427.8169035185095,38.095238095238095,4.545026463995782,-2.5041866,-71.12533808432323
GTLINFRA,41,168.17706811813161,5.079292323122301,58.536585365853654,1.2127067332646695,60.97560975609756,7.432432432432434,-1.0643988,-166.96436138486695
SILVERADD,41,9.948268735822273,2.306008777331288,60.97560975609756,-29.238473055330612,36.58536585365854,3.785780240073877,-0.8595988,-39.18674179115288
RUSHIL,37,294.14055406885893,4.743926881535633,75.67567567567568,255.40509503248688,81.08108108108108,7.153729071537285,-1.8567638,-38.73545903637205
STEELXIND,36,101.35687092240137,5.852716762779488,44.44444444444444,-252.4963940221893,47.22222222222222,4.226583754372326,-3.3987687,-353.85326494459065
WEBELSOLAR,36,379.7750303363411,7.380665792152286,55.55555555555556,40.9596851720671,63.888888888888886,7.4965443041582365,-1.8390805,-338.815345164274
SALASAR,36,358.64848472690323,5.253826881137988,69.44444444444444,167.11005511091517,61.111111111111114,7.504690431519712,-2.173913,-191.53842961598806
LIQUIDCASE,33,-38.488144617080245,0.20404999289012543,3.0303030303030303,-29.720640626211676,0.0,0.08642295393657129,-0.017507004,8.767503990868569
GOLDADD,33,62.41968888847141,2.0910590518421186,60.60606060606061,90.64371285034989,12.121212121212121,2.676659528907921,-0.75760204,28.224023961878473
SILVER1,32,43.49487299005818,2.962831709010061,68.75,-0.571811626880617,37.5,3.9462947852533237,-0.2167174,-44.066684616938794
RTNPOWER,32,495.3393477447038,5.276874682749622,71.875,251.69369655006113,68.75,8.711543351131457,-2.210552,-243.64565119464265
RPOWER,30,-275.34783568149567,4.82011132252713,56.666666666666664,-181.54097559991436,50.0,4.742831530258629,-1.6170077,93.8068600815813
V2RETAIL,29,341.37001872216626,4.83570256880645,68.96551724137932,-69.01980457411652,65.51724137931035,9.69976905311778,-2.5896416,-410.38982329628277
JPPOWER,28,26.519046601419554,4.773114744706878,60.71428571428571,-61.415066100695874,53.57142857142857,5.956875383670967,-2.2062814,-87.93411270211543
SAREGAMA,27,116.80185494880172,5.317216714913094,55.55555555555556,84.8717906372356,59.25925925925925,6.151521692208073,-4.3599257,-31.930064311566113
IDEA,26,126.96353261902537,4.787292091462474,53.84615384615385,37.02680201877394,57.692307692307686,5.719322127630155,-2.093731,-89.93673060025142
ADANIENSOL,26,327.79065535479464,5.545490385534672,73.07692307692307,195.46894454999835,65.38461538461539,7.961438797186382,-2.8673677,-132.32171080479628
ANANTRAJ,26,25.678228134831595,4.205819792472399,61.53846153846154,126.34035345381658,57.692307692307686,5.244965200163476,-1.710655,100.66212531898498
LIQUIDPLUS,25,-26.418985289910285,0.09451494726818055,16.0,-18.783964210379747,0.0,0.16544251327177406,0.0,7.635021079530539
APOLLO,25,140.69706495265433,5.433807294815779,56.00000000000001,-45.4589372669887,56.00000000000001,5.197368421052628,-1.9539889,-186.15600221964303
PGEL,25,0.6433350694086015,3.6915018334984775,40.0,-0.7106943585470538,20.0,2.717391304347827,-1.744067,-1.3540294279556553
GREENPOWER,25,-25.18673511070483,4.6813420951366425,68.0,210.28130048396577,64.0,7.319223985890644,-1.7652671,235.4680355946706
NMDC,24,189.83558444669097,2.7413751697167754,75.0,85.12149089925742,58.333333333333336,5.578936353171882,-1.0757158,-104.71409354743355
ADANIPOWER,24,-575.9869058745252,4.362564533948898,41.66666666666667,-503.2353656694899,33.33333333333333,2.0832881309350793,-2.578513,72.75154020503527
TFCILTD,23,273.87775037385245,3.6386337738646115,73.91304347826086,160.9794293114063,69.56521739130434,7.278020378457062,-2.0519524,-112.89832106244614
TARIL,22,249.20506717376148,4.79138343679634,77.27272727272727,228.8073385606555,72.72727272727273,8.810602886849228,-2.2377443,-20.397728613105983
BANKNIFTY1,22,-121.8832098704145,1.7792026501741598,54.54545454545454,64.98376512429185,13.636363636363635,2.3114134542706055,-0.8435933,186.86697499470637
COHANCE,22,-585.1046852730655,3.3803237877278165,31.818181818181817,-522.7669857692689,13.636363636363635,1.3788510211553362,-2.0459883,62.33769950379656
JAICORPLTD,22,-479.6046063379806,5.553007887845689,45.45454545454545,-513.1250526267041,40.909090909090914,4.433792080850907,-2.5751076,-33.52044628872352
SUNDARMFIN,21,148.22311587282286,2.476502733216399,52.38095238095239,92.86045992235496,28.57142857142857,2.1072796934865856,-0.763928,-55.3626559504679
AQYLON,21,-786.778791712048,3.623005314286621,61.904761904761905,-446.0606097098189,57.14285714285714,7.128712871287135,-4.018378,340.7181820022291
TTML,20,-237.25185886070844,5.857531623914838,40.0,-666.6144215041145,45.0,1.6199447726240046,-1.9012518,-429.362562643406
MSPL,20,42.98378108984818,5.837250724434853,55.00000000000001,-38.124058008375926,55.00000000000001,5.866207400806578,-1.8273717,-81.1078390982241
ASIANTILES,20,134.89943014038332,4.2806420382112265,45.0,-75.61068049857994,40.0,3.992438385173913,-2.4882822,-210.51011063896325
SHAKTIPUMP,19,156.45624936364916,4.661442893312166,84.21052631578947,223.6354398279529,68.42105263157895,10.379464285714302,-2.3084254,67.17919046430373
GPIL,19,613.3902469558432,5.780910729969803,63.1578947368421,337.41548159481357,57.89473684210527,7.9365079365079305,-2.9936342,-275.9747653610296
TMPV,19,52.302361460164924,2.7725735752794303,36.84210526315789,-19.53874449235028,21.052631578947366,1.7473732297852873,-0.7780226,-71.8411059525152
HCC,18,-213.21379124263115,5.642149975109431,50.0,-302.9930763955653,50.0,4.634662752417573,-2.0956109,-89.77928515293416
MOREPENLAB,18,335.938761073342,6.170617204366459,61.111111111111114,212.06349852117327,77.77777777777779,8.465572133091948,-1.8981019,-123.87526255216872
CRISIL,18,-102.69499197053602,2.2351801240195828,44.44444444444444,-39.23150015202496,16.666666666666664,1.3622993364443614,-0.8877551,63.463491818511066
ABFRL,18,-358.2084385680784,2.917183242324326,55.55555555555556,-186.05275983835836,33.33333333333333,4.017999619900559,-1.3430159,172.15567872972005
HITECH,18,274.79795790019716,5.238542933430937,66.66666666666666,209.82135212514424,61.111111111111114,5.480176001172876,-3.7945244,-64.97660577505292
KITEX,17,-460.8746449704881,5.648627285571659,47.05882352941176,-277.9164415705251,47.05882352941176,4.661182922052487,-0.99882495,182.958203399963
AJMERA,17,-86.11334516201549,4.920132019940544,76.47058823529412,81.74832591831341,76.47058823529412,7.560756075607555,-1.5056022,167.8616710803289
ADANIGREEN,17,464.6016959998763,4.863468086456551,58.82352941176471,31.176920414802666,64.70588235294117,5.32876712328767,-2.219101,-433.42477558507363
SEAMECLTD,17,-179.61384197486882,6.055787024909959,23.52941176470588,-140.01610325388134,23.52941176470588,3.0780535597648706,-2.7847137,39.59773872098748
INTELLECT,17,109.55826834324832,4.475804073188234,70.58823529411765,211.60765427560094,64.70588235294117,6.847237269772477,-2.789744,102.04938593235262
LIQUID,17,-32.06171966062779,0.0011470699759871315,11.76470588235294,-29.129381646736334,0.0,0.0010000100000961964,0.0,2.932338013891453
GILLETTE,17,-118.18255616817304,1.2752018129343496,35.294117647058826,-77.90206724313036,0.0,0.8640291041382531,-1.0615537,40.280488925042675
SANOFI,17,-3.718789535200751,2.30441476108835,41.17647058823529,1.46827203769253,0.0,1.8033837648724127,-0.6664406,5.187061572893281
LUPIN,16,172.59063512624505,2.4270684662042186,68.75,98.30653683750963,43.75,4.0661068901335025,-0.5383886,-74.28409828873542
SUVEN,16,742.8926961171674,4.015123762656003,87.5,301.81745083969764,81.25,12.442504285632728,-1.267647,-441.0752452774697
USHAMART,16,221.6857973893134,5.771425203420222,75.0,372.08861440275103,81.25,7.080890071100255,-2.337509,150.40281701343764
MARKSANS,16,-207.91530947604858,6.869196827756241,25.0,-278.25017424558257,31.25,1.4047464771948626,-3.1102943,-70.334864769534
ASTRAZEN,16,204.1806059943461,3.078738783369772,81.25,184.47759343973493,68.75,7.183333283828864,-0.5590551,-19.703012554611178
LEMONTREE,16,-198.44467660276135,3.831623471342027,37.5,-94.85685314381064,31.25,2.972972972972976,-4.3569946,103.58782345895071
LIQUIDADD,16,-25.754367183066755,0.2705574592255289,0.0,-25.754367183066755,0.0,0.08217093516513785,0.0,0.0
KELLTONTEC,16,366.1656217849544,4.700100401532836,75.0,171.62199130308377,68.75,11.550138449367086,-1.1758027,-194.54363048187062
SEPC,15,-224.65615909904326,3.969511892646551,60.0,-199.9063375271795,60.0,6.796116504854366,-2.5623734,24.749821571863777
IOLCP,15,648.3833304789882,4.275619188944499,66.66666666666666,147.2522987446503,60.0,7.124186356414319,-1.689681,-501.13103173433797
LT,15,121.2262617701536,2.4538544099777937,53.333333333333336,76.78172414714201,20.0,2.199469093667039,-0.40734354,-44.444537623011584
REPCOHOME,15,316.18934304693295,4.8827762839694815,60.0,94.28416379883264,60.0,8.17805383022776,,-221.9051792481003
ADANIENT,15,739.3514090375988,5.783901823063691,53.333333333333336,261.1247245571257,66.66666666666666,7.531380753138084,-3.5222054,-478.2266844804731
BAJAJ-AUTO,15,207.82620055595436,2.169900859395663,73.33333333333333,92.35386709763502,40.0,3.3731710041327023,-0.8108985,-115.47233345831934
ICICIBANK,14,47.790868872418905,2.437239865373288,28.57142857142857,20.56022198986583,7.142857142857142,1.4749534580690948,-0.7539013,-27.230646882553074
CAMLINFINE,14,452.7689036890209,4.213563931573715,78.57142857142857,259.90810689015757,78.57142857142857,9.085659869001717,-0.4878049,-192.8607967988633
CHOICEIN,14,292.7015874038261,2.0786997280083597,85.71428571428571,89.48788176848151,50.0,4.759321392114268,-1.062417,-203.2137056353446
SUMMITSEC,14,-866.526330471548,4.987239544945104,28.57142857142857,-545.8805958949285,28.57142857142857,2.2957385953948917,-3.911023,320.6457345766195
BALAMINES,14,-361.9607877128359,6.342224410868116,42.857142857142854,-37.50613794031948,42.857142857142854,4.660709259780472,-3.2448378,324.4546497725164
TEXRAIL,14,-818.722359306226,3.697778543989573,50.0,-471.7085440402642,42.857142857142854,4.305416805416806,-0.9433962,347.01381526596185
PRAKASH,14,114.50671895198725,6.928801962307521,64.28571428571429,203.86009044634326,78.57142857142857,8.880808740262525,-2.1755724,89.35337149435601
QUESS,14,347.5337894013015,3.5926821309008767,71.42857142857143,71.79247689638744,71.42857142857143,7.103626212440228,-3.656078,-275.74131250491405
DISHTV,14,-917.2037077789337,5.825015749516232,21.428571428571427,-773.8986473396774,28.57142857142857,2.3204447256376937,-1.4039565,143.3050604392563
GOODLUCK,14,-23.96700592439062,5.2032830991915295,21.428571428571427,-33.942918024717954,21.428571428571427,2.1917411170974566,-2.4827325,-9.975912100327335
ELECON,14,116.11181828107672,5.268125901264804,64.28571428571429,255.17349090858096,71.42857142857143,5.983808544065939,-2.324213,139.06167262750424
63MOONS,13,190.299413827084,4.993217753676268,76.92307692307693,71.4903645647787,69.23076923076923,8.994708994709,-0.047596384,-118.80904926230531
SBC,13,101.32281192900983,6.393743148789956,30.76923076923077,172.169090362129,30.76923076923077,3.118355776045356,-1.4194812,70.84627843311917
GLOBUSSPR,13,550.0870225553524,4.515620220739107,76.92307692307693,264.56282149483525,76.92307692307693,8.367963732527395,-1.2638638,-285.52420106051716
IRB,13,82.54472272985956,5.245476473982517,46.15384615384615,-79.47257151985387,38.46153846153847,4.841149773071107,-1.316577,-162.01729424971342
HFCL,13,423.4699633169177,4.917776455672888,53.84615384615385,42.466953321185976,61.53846153846154,8.219178082191792,-2.7131035,-381.0030099957317
KPITTECH,13,-44.165046986182446,5.522934576639763,30.76923076923077,-21.486742227427715,30.76923076923077,4.656084656084669,-3.073513,22.67830475875473
PFS,13,308.9257432128489,3.568051246782908,69.23076923076923,-77.96757880796022,69.23076923076923,8.423250957187612,-1.6442451,-386.89332202080914
NIITLTD,13,720.0491043040562,3.080858694962584,76.92307692307693,64.10734056637594,76.92307692307693,13.181577554261526,-3.8280566,-655.9417637376803
ATGL,12,-223.41170803010974,6.758211491008599,25.0,-30.30542398549134,33.33333333333333,4.367599962675206,-0.5322129,193.1062840446184
J&KBANK,12,920.37361599434,2.128754074995716,83.33333333333334,-164.02534478287967,75.0,17.200217037438957,-0.5482456,-1084.3989607772196
SKMEGGPROD,12,244.1189430665448,5.326349994478127,75.0,244.93638427688867,75.0,8.708664217138784,-2.1518986,0.8174412103438726
GENESYS,12,220.09613146154638,5.777098673085371,66.66666666666666,251.59528052096886,66.66666666666666,7.894156962733367,-3.4065855,31.49914905942248
GOCOLORS,12,-213.9032666707119,3.8169340308134756,58.333333333333336,-80.68791508703394,50.0,5.142339134850015,-1.794672,133.21535158367794
CHENNPETRO,12,639.9427066471982,3.8022100382174053,75.0,164.687296886597,75.0,8.52207607344484,-1.6881466,-475.2554097606012
BAJAJHIND,12,79.85487522891567,5.03681527916342,75.0,271.6961955957177,75.0,7.643681187170892,-1.1737963,191.84132036680205
DEN,12,671.8538065831746,4.083430635121962,91.66666666666666,263.9808659825647,83.33333333333334,12.012674698899428,-1.2162699,-407.87294060060987
NACLIND,11,338.20510584780624,5.058033112436533,72.72727272727273,374.3219691993534,72.72727272727273,9.040114613180528,-1.2999256,36.11686335154718
RAMCOSYS,11,32.52509526738546,4.645441836592826,36.36363636363637,-218.94557783714274,45.45454545454545,3.698347107438016,-0.69368386,-251.4706731045282
VINYLINDIA,11,-37.29770810633197,4.700207777998664,63.63636363636363,47.347467527256484,63.63636363636363,6.031502112946585,-2.57622,84.64517563358845
YESBANK,11,-285.1756768062258,3.4736951728436076,36.36363636363637,-266.7314542775477,36.36363636363637,2.857142857142869,-1.1299435,18.444222528678097
BLS,11,-90.25824688923268,5.165630570528182,63.63636363636363,157.1594665995568,63.63636363636363,5.227272727272725,-2.244116,247.41771348878947
SRHHYPOLTD,11,-201.267920739104,4.175309532067993,36.36363636363637,-68.30141125589492,27.27272727272727,4.221988728627357,-2.6403508,132.96650948320908
GALLANTT,11,128.0313091396012,5.392341552810236,45.45454545454545,-84.18187736384147,45.45454545454545,4.714983713355059,-1.4797382,-212.21318650344267
THOMASCOOK,11,242.6962333269661,4.189210021021691,72.72727272727273,37.168237405128586,63.63636363636363,7.589285714285721,-1.3086007,-205.52799592183752
PTC,11,-274.16744512709806,4.505637017163363,9.090909090909092,-262.3687818211309,0.0,0.8352315869400107,-0.30967128,11.798663305967182
HATHWAY,11,332.93007429872114,3.2599942377683795,81.81818181818183,158.25054289861228,63.63636363636363,11.005692599620499,-0.8298756,-174.67953140010886
PARADEEP,11,69.25531865988408,4.887559163299474,54.54545454545454,105.3967743278622,54.54545454545454,6.585144927536235,-2.0833335,36.14145566797812
IFCI,11,690.3504865846713,4.159406284716996,54.54545454545454,-1.90421270306353,54.54545454545454,5.181347150259064,-0.69295734,-692.2546992877349
PANACEABIO,11,78.67275632926224,4.610365599563176,54.54545454545454,35.636428573437406,54.54545454545454,5.815279361459513,-2.0849216,-43.036327755824836
ULTRACEMCO,11,35.031742081046005,2.421050912446596,45.45454545454545,11.285309994441686,0.0,2.1528123444499725,-0.76326483,-23.74643208660432
KIRIINDUS,11,-580.9591807759305,4.135477881539951,54.54545454545454,-716.3431252686353,54.54545454545454,7.789473684210524,-4.471619,-135.3839444927048
HIKAL,11,-220.68176918121023,3.7925551645457745,54.54545454545454,-129.03537077418753,54.54545454545454,5.740057400573995,-1.681557,91.6463984070227
BBOX,11,290.41043873196946,5.398250422017141,72.72727272727273,206.85090056235134,72.72727272727273,9.929478138222848,-0.5207169,-83.55953816961812
ITDC,10,-60.4264378409175,8.307629898190498,60.0,77.5170662194955,70.0,10.113829224939842,,137.943504060413
GNA,10,-338.60448178241813,3.7032439280301332,50.0,-83.02133340210679,20.0,3.2767193177012044,-2.3216107,255.58314838031134
PITTIENG,10,618.1936927432994,4.163995208218694,100.0,393.56581531837685,90.0,8.420470300738636,-0.34257242,-224.62787742492253
INDIAGLYCO,10,-211.7028268801495,5.121956169605255,10.0,-232.22787913289085,20.0,3.1875103233489077,-2.0493116,-20.525052252741347
PARAGMILK,10,266.4959033611226,2.9986079316586256,80.0,-15.388712459703171,70.0,6.376104983205932,-2.2455845,-281.8846158208258
MARICO,10,-52.611246826332085,2.1429560240358114,50.0,-5.235231071190474,20.0,2.2078879308526256,-1.1182796,47.37601575514161
ALKEM,10,163.4838651029307,2.605623137205839,80.0,125.72383433095438,30.0,3.88498045945469,,-37.76003077197633
RAMKY,10,383.9859250279746,8.989554699510336,50.0,272.18167827600615,70.0,7.066603708669783,-2.7236083,-111.80424675196844
ROSSELLIND,10,468.16234343713944,4.228833205997944,50.0,-138.794644786533,50.0,6.2791032480214675,-4.309064,-606.9569882236724
TIPSMUSIC,10,-395.58995686544154,4.226490166038275,50.0,-145.49467834164741,30.0,4.049854468744163,-3.7762535,250.09527852379412
BALAJITELE,10,419.40383391377696,3.786271959543228,70.0,210.11343568140393,60.0,8.29187548852821,-2.025641,-209.29039823237304
TDPOWERSYS,10,80.04540189617495,5.417931415140629,60.0,90.68935815979351,60.0,7.20879120879121,-1.9586208,10.643956263618563
DEEPAKFERT,10,326.72701448215804,3.7868708930909634,90.0,293.9694051339169,90.0,7.307298043793963,-3.5517678,-32.75760934824115
SPARC,10,147.18974412429043,2.7391513995826244,80.0,128.11460080040453,60.0,5.263193106401198,-1.3636364,-19.075143323885897
SUNDRMFAST,10,-146.98177444249438,2.404083968140185,40.0,-122.96096440752555,20.0,1.9048258412365682,-1.08296,24.020810034968832
SUNTECK,10,435.70744038872,6.369831059128046,90.0,439.28354143957426,90.0,13.139982030548081,,3.5761010508542768
3IINFOLTD,10,-87.65352372918886,5.774653842672706,50.0,-183.39007576095977,40.0,4.8500323447899785,-0.22789973,-95.73655203177091
SUZLON,9,634.6155779379527,5.131993318597475,77.77777777777779,376.7851469097967,77.77777777777779,7.995780590717305,-0.75250036,-257.830431028156
SYNCOMF,9,-496.776757748384,5.401626074065765,22.22222222222222,-520.1337810923688,33.33333333333333,2.3928770172509717,-2.1425014,-23.35702334398485
WOCKPHARMA,9,184.32293898863284,4.718514035145441,77.77777777777779,336.93009800028403,77.77777777777779,6.229068988613529,-1.8393805,152.6071590116512
MAHLIFE,9,290.61357663995716,3.0016950538588896,88.88888888888889,171.11866157668646,66.66666666666666,7.123345240596768,-2.1643202,-119.4949150632707
CARTRADE,9,-261.4105089855055,2.3600815381440854,66.66666666666666,-85.61756646872486,44.44444444444444,4.072933933222833,-1.6613353,175.7929425167806
BRIGADE,9,-149.4615639723954,4.191380801300207,44.44444444444444,-228.14641506998578,22.22222222222222,2.2900763358778553,-0.34155598,-78.68485109759038
URJA,9,626.0478285487474,4.864232583592335,66.66666666666666,162.04952552293193,66.66666666666666,9.895833333333348,0.0,-463.9983030258154
DIVISLAB,9,24.835417368793028,2.362117859431439,55.55555555555556,-12.809560403681441,11.11111111111111,2.759694875993457,-0.9773677,-37.64497777247447
NITCO,9,-114.33204311468208,5.0644694724016714,44.44444444444444,-22.912728910892195,33.33333333333333,2.195306585919754,-3.342686,91.41931420378988
LAURUSLABS,9,-57.676535526546715,4.8160580349051285,55.55555555555556,-8.359752817021752,55.55555555555556,6.041506533435803,,49.316782709524965
MIRZAINT,9,-8.165677404924047,6.074852579169803,44.44444444444444,-119.67552724517606,55.55555555555556,5.391658189216697,-2.4217942,-111.509849840252
TVSMOTOR,9,472.49189976699415,3.0011106385952897,77.77777777777779,208.51683956492167,66.66666666666666,6.00738007380075,-0.43025064,-263.9750602020725
PRECAM,9,82.22021159939437,4.756538994196388,88.88888888888889,325.45938006542735,88.88888888888889,11.190476190476195,-1.3786167,243.239168466033
MANYAVAR,9,-237.79984136588186,2.4316464861234026,55.55555555555556,-94.68833812653058,33.33333333333333,3.4736842105263177,-2.8999999,143.1115032393513
JBMA,9,420.71495283869194,4.720291588455439,77.77777777777779,223.73676825222282,66.66666666666666,7.065727699530511,-0.89411765,-196.97818458646913
INDUSINDBK,9,200.37953370703215,2.4052752802769346,55.55555555555556,64.25685917403973,22.22222222222222,3.579769026520374,-1.0762457,-136.12267453299242
OFSS,9,146.44856890187583,2.200435909132163,66.66666666666666,98.00963052605185,11.11111111111111,3.1419284940411796,-0.86104757,-48.43893837582398
TIMETECHNO,9,417.38330364221,4.894048927558793,88.88888888888889,384.80905286884496,88.88888888888889,9.288194444444443,-0.84933525,-32.574250773365065
RSYSTEMS,9,317.1279666489629,3.1458943461378417,44.44444444444444,31.243455121631143,22.22222222222222,2.9463414634146368,,-285.88451152733177
DWARKESH,9,-1079.7996000014048,4.638560499168105,44.44444444444444,-549.990160677515,44.44444444444444,4.415011037527594,-1.286574,529.8094393238898
BLUESTARCO,9,-264.3837413759524,2.54390159000953,11.11111111111111,-235.14667752798132,0.0,0.852308866556406,-0.9451227,29.237063847971086
ORIENTCEM,9,391.04361369629083,3.709391297565566,66.66666666666666,160.19117733838308,66.66666666666666,6.363636363636371,-1.7614325,-230.85243635790775
TITAN,9,90.81979696977977,2.2264883801754976,44.44444444444444,22.13291311087319,0.0,2.172058823529399,-0.62751985,-68.68688385890658
GOKUL,9,-441.89786628798606,4.227570413301388,22.22222222222222,-292.5245609714579,11.11111111111111,2.127659574468077,-4.1202674,149.37330531652816
HDFCLIFE,9,-6.332741778726376,2.3944023582670426,66.66666666666666,40.29881829390184,0.0,4.034129181947477,-0.7857248,46.63156007262822
INDHOTEL,9,-181.52784778409273,4.1241520187921,77.77777777777779,99.99269764124914,55.55555555555556,5.928237129485203,0.0,281.5205454253419
VEEDOL,9,-823.2255371314318,3.248941691385375,22.22222222222222,-866.2798525390767,33.33333333333333,2.5210956770089554,,-43.054315407644935
SOMANYCERA,8,413.15334496149467,3.437922603916377,75.0,220.84539707505127,75.0,6.959515070100098,,-192.3079478864434
SPANDANA,8,219.97001920455048,3.5461470077279955,62.5,-214.4079487430368,37.5,4.098816294484697,-2.1518984,-434.3779679475873
NDTV,8,-838.6705791468188,2.9731760907452554,75.0,-187.63343668005194,50.0,5.654395391796429,-3.2253902,651.0371424667669
APEX,8,803.066561527332,5.547580111306161,75.0,297.2448075689098,75.0,13.844295574736055,,-505.8217539584223
SMLMAH,8,-103.03943356575888,3.0619096592999995,62.5,-31.443924986532796,50.0,6.27711497348904,-2.8422718,71.59550857922609
DCW,8,190.20069626889875,6.173930875957012,62.5,221.40711216269483,62.5,6.994023339548128,-0.7867133,31.206415893796077
PNBHOUSING,8,579.3065094167182,2.393388858763501,100.0,204.3388858763501,75.0,11.029082275239077,-1.0834236,-374.9676235403681
BEPL,8,106.71910310130109,6.165499845519662,62.5,149.10920042060488,62.5,7.055874594938105,-3.116282,42.39009731930379
TRU,8,-465.1369208826048,8.554973057471216,37.5,-27.401264530116652,50.0,6.134204764334994,-4.850032,437.73565635248815
NCC,8,268.8801704188167,7.245396915823221,25.0,-692.0984963463221,50.0,4.718064205905048,,-960.9786667651388
NESTLEIND,8,-52.63092591125364,1.620797795476392,25.0,-38.47023867765389,0.0,0.9266412043530514,-0.6448802,14.160687233599752
BRITANNIA,8,60.095854366594736,1.6265982354525477,62.5,14.16520218207793,25.0,1.9979513539310378,-0.53800744,-45.9306521845168
DPSCLTD,8,403.56408914893285,5.361948738573119,62.5,101.25993323895896,37.5,4.094584660622402,-2.5157232,-302.3041559099739
BLUEJET,8,764.033013123281,4.808752099052072,100.0,463.674701712358,87.5,13.21956110345701,-0.88126063,-300.35831141092297
SOUTHBANK,8,-250.5536254368447,3.029878926463425,62.5,-181.9546407113268,50.0,4.558914684999438,-2.3019273,68.59898472551791
CHEMPLASTS,8,-184.0609345879178,3.4721733536571264,37.5,-196.17379300892787,37.5,2.3141570370652897,-1.0887097,-12.11285842101006
CESC,8,218.88370593955972,2.221049804938957,87.5,88.92092037548001,62.5,5.187257011914848,-1.2643521,-129.9627855640797
LTFOODS,8,296.5791102532592,4.713347111828625,50.0,249.35522161309953,75.0,5.523124907721844,,-47.223888640159686
KRITIKA,8,55.95851087997997,3.609507851069793,75.0,-22.99681565517629,75.0,12.605705077838891,-2.4313726,-78.95532653515626
BLISSGVS,8,15.333365111178804,4.844025161582977,50.0,-100.62784091186369,50.0,3.1569401535689545,-4.004879,-115.9612060230425
SUNFLAG,8,114.60978623075823,5.818202090449631,75.0,332.88233121337316,75.0,6.3347197835090245,-0.84288603,218.27254498261493
AFSL,8,-574.5351098005702,2.5169884553179145,75.0,-53.3897585375517,50.0,5.381009992835195,-3.108599,521.1453512630185
SURYAROSNI,8,-16.197328805501453,6.414125766605139,37.5,-62.346742049381454,37.5,3.9704304368790133,-3.591954,-46.149413243880005
SWANCORP,8,-435.36597899992574,3.6879832041449845,62.5,-125.9093322059139,37.5,4.276277035276566,-3.2906435,309.4566467940118
ANANDRATHI,8,-134.18702623718397,2.4563141632825136,25.0,-89.98567797328684,0.0,1.6310027159795015,-0.9260992,44.20134826389713
ALIVUS,8,98.45867881571841,1.6073540231445804,75.0,60.08228832166219,12.5,2.5321473812558337,-1.2313453,-38.376390494056224
JINDALSTEL,8,909.2238840576111,4.453390766866505,87.5,322.23082542939625,87.5,10.102013367633411,,-586.9930586282148
VOLTAMP,8,24.213419427472786,3.6182699725031853,62.5,174.21154102583634,37.5,3.8609972554046523,-1.299793,149.99812159836355
SERVOTECH,8,414.9935250404718,5.197366501670331,75.0,268.38385389415174,62.5,6.290186342127679,-1.8056462,-146.60967114632007
DYNAMATECH,8,384.894418608521,3.495893976651132,87.5,282.0645522079908,87.5,12.258582652091942,-1.3048357,-102.8298664005302
INVENTURE,8,-260.54631758057667,4.0191854583099484,37.5,-329.8385193136577,25.0,3.410441974670475,-1.384083,-69.29220173308101
OPTIEMUS,8,928.618861167809,5.825675884261727,100.0,619.564949490885,100.0,17.36758489701242,-4.995324,-309.0539116769239
INOXWIND,8,-90.13778125607702,3.916761768050492,62.5,31.328419451815837,37.5,3.7419566262359982,-1.0523475,121.46620070789285
FUSION,8,-341.60676484823597,2.404917683452368,37.5,-425.7625717399478,25.0,1.1088335280997064,-2.0391605,-84.15580689171185
PERSISTENT,8,332.7703358003528,3.49728271830827,75.0,242.83673714236122,50.0,5.155454608804733,-0.79724884,-89.93359865799161
PATELENG,8,-407.82901185709153,5.278841557446867,37.5,-317.015339126724,37.5,2.136740744689991,-5.585392,90.81367273036756
KAMATHOTEL,7,0.8622194500606291,6.7253483193261285,57.14285714285714,-39.9939991047954,57.14285714285714,10.728744939271252,-2.42113,-40.85621855485603
JKCEMENT,7,-299.2874590566932,3.2751030421682765,0.0,-299.2874590566932,0.0,1.8095520617027683,-1.0022337,0.0
ABREL,7,-295.8716881738849,4.512169558022704,42.857142857142854,-291.40848577325943,28.57142857142857,1.7376342001308664,-3.4896753,4.463202400625448
AARTIDRUGS,7,951.6574501180154,5.540376475879124,71.42857142857143,345.1462701790411,85.71428571428571,12.997032640949557,,-606.5111799389742
ALOKINDS,7,115.07448842299381,5.264783038624695,85.71428571428571,284.09651509454443,85.71428571428571,8.947368421052637,-1.2650603,169.02202667155063
ADSL,7,-613.3705350931247,3.6386857873627116,42.857142857142854,-332.45067783726114,14.285714285714285,3.299922898997698,-1.6194333,280.9198572558635
CENTRUM,7,-509.29459629095857,4.6173580057386845,14.285714285714285,-486.7413825269482,14.285714285714285,3.354711396151955,-1.2700025,22.553213764010366
SOBHA,7,23.854371178610137,3.705060788031135,71.42857142857143,125.69607251034853,42.857142857142854,4.438302715005693,,101.84170133173839
SNOWMAN,7,16.40858183225594,4.007704116936241,42.857142857142854,32.88850811050278,42.857142857142854,1.8433179723502446,-1.714826,16.479926278246836
CANTABIL,7,455.4332188104909,4.072769172489643,57.14285714285714,145.43610772624126,42.857142857142854,3.5007610350076046,-5.1018095,-309.9971110842497
TCS,7,-194.21454359116456,1.6653049471122876,28.57142857142857,-214.54850044758564,0.0,1.0267579340385913,-1.0321679,-20.333956856421082
UNICHEMLAB,7,53.224598609413384,3.3677250279911926,57.14285714285714,4.139257344291366,57.14285714285714,5.8451513990034565,-0.9007282,-49.08534126512202
TEJASNET,7,227.8793444051228,4.81993912586144,57.14285714285714,67.09482515151647,57.14285714285714,5.069930069930062,-2.057927,-160.78451925360633
TATAGOLD,7,-218.68035977404506,2.5250695712332214,85.71428571428571,84.3511506042845,42.857142857142854,2.9925187032419087,-3.2418952,303.0315103783296
MUNJALAU,7,-344.6593403821846,3.8441472819873264,42.857142857142854,-258.17167866289145,28.57142857142857,1.87353629976581,-1.4972126,86.48766171929316
BSOFT,7,-451.862098811563,4.694662695484502,0.0,-451.862098811563,14.285714285714285,0.9768601912151897,-1.6953181,0.0
NELCAST,7,277.69508402313284,4.77561421160187,57.14285714285714,172.65099127869073,57.14285714285714,10.967616328119934,-2.648446,-105.04409274444211
IFBIND,7,339.6807315613438,4.003798615719591,100.0,365.37986157195905,71.42857142857143,12.998288089997567,-3.1086571,25.69913001061525
BDL,7,-258.99931785011574,3.0029328673013618,42.857142857142854,-140.3076432842507,28.57142857142857,2.976000000000001,-0.42328042,118.69167456586504
OLECTRA,7,-40.83809237034481,6.606021576694079,42.857142857142854,-41.990496163609805,71.42857142857143,5.650638413474618,-3.0043068,-1.1524037932649946
EPIGRAL,7,-33.029635983812476,2.3065585510006974,71.42857142857143,15.170473415107924,42.857142857142854,3.9024390243902474,-2.1071115,48.200109398920404
AXISBANK,7,-127.0242624247926,1.9346382335892747,42.857142857142854,-62.52158285561602,0.0,0.9521859322207282,-0.44662756,64.50267956917658
BHARTIARTL,7,-21.16815390054504,2.226765447163156,57.14285714285714,-21.449505598762645,0.0,1.4893617021276562,-0.700565,-0.2813516982176054
EDELWEISS,7,356.681133281906,4.8366082566125055,85.71428571428571,295.4504793309691,42.857142857142854,4.364569961489084,-8.120968,-61.230653950936926
SHILPAMED,7,789.4512276770945,3.5144498970891744,100.0,386.8240591711745,85.71428571428571,9.245742092457432,,-402.62716850592
RPSGVENT,7,-82.9745010394201,2.958007196762732,71.42857142857143,84.04100516082023,28.57142857142857,3.1581850779202947,-1.7947104,167.01550620024034
GMRAIRPORT,7,-291.2391964820423,2.8491278844220296,42.857142857142854,-93.43006892919313,0.0,2.1046643913537944,-1.5517241,197.8091275528492
GRASIM,7,-147.39202240009183,2.7061067521572113,14.285714285714285,-181.37864544098198,14.285714285714285,0.7786853958317463,-1.2406634,-33.98662304089015
PROZONER,7,384.7060162499052,5.136898771992752,85.71428571428571,214.79206251159104,71.42857142857143,9.467574059247386,-1.8321987,-169.91395373831415
AWFIS,7,-219.89046040473684,3.006489827696766,71.42857142857143,-18.08055949569302,57.14285714285714,7.85024154589371,-3.095013,201.80990090904382
TITAGARH,7,-302.2576527043753,3.527000333581652,57.14285714285714,-205.70640988233382,28.57142857142857,3.4717494894486167,-2.432672,96.55124282204147
AVANTIFEED,7,-332.37606851633643,3.7427764385938644,28.57142857142857,-147.14884894381163,28.57142857142857,2.8153380423814323,-1.7457114,185.2272195725248
ARVINDFASN,7,313.231024438261,2.0528728741088083,85.71428571428571,52.971128162715694,71.42857142857143,9.101941747572816,,-260.2598962755453
VPRPL,7,259.05123728785435,2.403315090175186,100.0,205.3315090175186,85.71428571428571,7.77241009125067,-1.3051451,-53.719728270335736
PNBGILTS,7,-158.4138092942599,5.342756158539227,28.57142857142857,-55.125740885829266,42.857142857142854,2.596800370971475,-3.2847264,103.28806840843063
PRESTIGE,7,-99.93134162408157,6.014878515686307,57.14285714285714,120.11855017929982,28.57142857142857,4.249291784702547,-1.5040323,220.0498918033814
HUBTOWN,7,-197.47267698637796,4.799941395010267,42.857142857142854,-71.68975400139965,28.57142857142857,0.9884678747940745,-1.5797708,125.78292298497831
HEG,7,352.2525564891481,3.115222297076668,71.42857142857143,0.9865211969050569,71.42857142857143,7.737321196358882,-1.890089,-351.26603529224303
GANECOS,7,156.5805421903013,2.869419560634664,57.14285714285714,-130.91525145587428,57.14285714285714,12.217401233158265,-1.6139444,-287.49579364617557
INDSWFTLAB,7,568.3109301085921,4.531100578606129,85.71428571428571,330.16831904166605,57.14285714285714,10.13043478260871,-0.6914434,-238.142611066926
RICOAUTO,7,284.92623330512794,4.2546462799821585,71.42857142857143,150.8632514182721,71.42857142857143,7.388316151202745,0.0,-134.06298188685582
AIAENG,6,-134.40996802439335,3.270790927732984,50.0,-9.223728999395512,0.0,2.8815592173228155,-1.0861833,125.18623902499783
HTMEDIA,6,-244.6739549388954,4.0805492239693795,66.66666666666666,170.26587760460566,50.0,4.808673469387759,-1.9847327,414.9398325435011
MEDICO,6,-218.56819409333443,4.811208508908749,33.33333333333333,-94.07677987000521,50.0,4.056444673894333,-3.3557045,124.49141422332922
MAITHANALL,6,-298.0314531490265,5.093122956653437,50.0,-102.51377717472495,50.0,4.596808846837086,-3.4457808,195.51767597430154
HLVLTD,6,828.4812035956024,3.886636750151714,100.0,353.66367501517135,83.33333333333334,12.854003806536474,-1.5888827,-474.8175285804311
NEWGEN,6,406.71808827529765,3.767380847906073,83.33333333333334,254.63604973124293,83.33333333333334,6.018865060606715,-3.3853211,-152.0820385440547
NIACL,6,83.52300467242948,4.476703812057773,33.33333333333333,66.11624042239437,33.33333333333333,2.7147118608273235,-1.2511499,-17.40676425003511
VAIBHAVGBL,6,-7.106860150411862,3.504712685632209,50.0,-9.079526406369395,50.0,4.679662562699494,,-1.9726662559575328
SHOPERSTOP,6,-584.5092220299355,3.870396145309011,16.666666666666664,-668.3585345391787,16.666666666666664,2.2079730112030016,-3.4954526,-83.84931250924319
UNIONBANK,6,109.43589963051078,4.70861941576004,50.0,17.217795362440476,50.0,7.817105978260885,-0.99666595,-92.2181042680703
BLUEDART,6,-82.95235923771774,2.6273325085639954,33.33333333333333,-203.52782360421836,16.666666666666664,2.034090507281938,-1.4719692,-120.57546436650061
KPIGREEN,6,146.4610425738283,3.870728937909007,66.66666666666666,65.36769319816784,50.0,4.877259706658155,-0.6898216,-81.09334937566047
DIXON,6,-220.53221057444244,3.0917670732984943,66.66666666666666,115.97104622981621,0.0,3.3916025536958605,-1.6035602,336.5032568042586
LIBERTSHOE,6,-108.90863462514275,4.217818534622589,50.0,-175.00103540342909,50.0,5.681954373789311,-2.8952382,-66.09240077828633
AGARIND,6,143.04941074559227,6.1758715348939095,66.66666666666666,-29.454272363748647,66.66666666666666,7.091642652392494,-2.725339,-172.50368310934093
DCAL,6,294.81171572363945,5.478408932685852,50.0,159.09712459290014,66.66666666666666,9.91252959151283,-8.192497,-135.7145911307393
DAVANGERE,6,299.6625663259987,3.0992057640105486,83.33333333333334,75.82041049228293,50.0,8.903274942878914,-0.952381,-223.84215583371576
XPROINDIA,6,27.693777982046864,6.305938865989447,66.66666666666666,418.1209156919099,66.66666666666666,7.559062253786431,-2.9269524,390.427137709863
HARDWYN,6,-133.14857081881493,4.558432598908743,33.33333333333333,-3.9220268880296496,50.0,4.984587361636539,-1.9120458,129.22654393078528
HINDCOPPER,6,244.30249042534751,4.291103050733605,66.66666666666666,133.0708283375894,66.66666666666666,7.896587407823796,-1.5576324,-111.23166208775811
UCOBANK,6,162.74419060310746,3.065371109793584,50.0,126.72354646932118,33.33333333333333,2.4275504851822616,-0.80645156,-36.02064413378628
ALBERTDAVD,6,-225.549782289427,3.38698240617911,33.33333333333333,-124.84718538527707,0.0,2.2276520988422366,,100.70259690414991
ASTEC,6,145.17811584955464,3.5737631687273583,66.66666666666666,110.43803737942838,50.0,5.289752073106468,-0.49715316,-34.740078470126264
BAJFINANCE,6,51.47666645757556,1.8978878700484831,83.33333333333334,70.89956279748532,16.666666666666664,2.4804845222072713,-0.76551664,19.422896339909755
ASHIMASYN,6,806.4900478338992,4.5843940538664665,50.0,188.9309753027779,50.0,5.0593669544146564,-2.9257574,-617.5590725311213
IGPL,6,128.9097331158203,4.798269861688217,66.66666666666666,192.5404623902294,66.66666666666666,6.612258118195213,-1.1981173,63.630729274409106
POWERMECH,6,133.28629604049,4.310449585318565,83.33333333333334,283.3761330489282,50.0,5.0386132004191175,-3.4720614,150.0898370084382
GOLD1,6,38.482741432822266,1.413084783901771,83.33333333333334,134.15737030806326,16.666666666666664,2.5870921897649946,-0.18840483,95.674628875241
PARACABLES,6,199.30031298810508,5.188634044801196,66.66666666666666,250.40506545001878,66.66666666666666,11.678241544156542,-3.2919316,51.104752461913705
FORCEMOT,6,-388.79109327360584,3.5941789547602334,33.33333333333333,-404.41419533273535,33.33333333333333,1.899075054503896,-1.6744707,-15.623102059129508
ONEPOINT,6,80.6946856819557,4.480223233501116,66.66666666666666,-59.60836511389474,50.0,5.772298736835424,-1.8104851,-140.30305079585045
SARLAPOLY,6,-51.99856605761775,5.903934345891079,100.0,615.2006832996673,100.0,9.413742571276472,-2.52823,667.199249357285
IPCALAB,6,-287.8171468126297,3.428501170128584,16.666666666666664,-273.0246067765614,0.0,1.3922791377915966,-1.9244443,14.79254003606826
NAHARPOLY,6,467.3047970712174,7.082146437217792,66.66666666666666,221.78867677553544,83.33333333333334,12.536914646449048,-0.98132324,-245.516120295682
CONFIPET,6,-81.17331953520879,5.528655353312692,66.66666666666666,66.16863304766426,83.33333333333334,6.74937343358396,-1.1011904,147.34195258287303
NETWORK18,6,-865.7373639992694,4.8263781859229,16.666666666666664,-614.8809294697716,0.0,1.499197094766147,-2.3984084,250.85643452949785
NATIONALUM,6,314.07878614640174,3.729652768621842,66.66666666666666,154.56137013763563,66.66666666666666,7.547619018512175,-1.968142,-159.5174160087661
GEOJITFSL,6,-163.93293556917766,4.2293892707675695,33.33333333333333,-311.0405213485153,33.33333333333333,1.4527946444326312,-5.061101,-147.10758577933765
GMMPFAUDLR,6,97.70870305798339,4.613020395239195,50.0,86.05755986973219,50.0,4.713414839464081,,-11.651143188251197
RANASUG,6,256.1666583993625,5.995636774847904,83.33333333333334,445.0436953246071,83.33333333333334,10.845942228335625,-3.1309276,188.87703692524457
RENUKA,6,108.30583064138554,3.891639349361261,83.33333333333334,233.86900739842343,66.66666666666666,8.814154459619928,-3.753947,125.5631767570379
ESSARSHPNG,6,119.16924195254829,5.403653780619303,66.66666666666666,328.7996687307213,66.66666666666666,6.315166862432864,-0.8794617,209.630426778173
ELECTHERM,6,738.5266442287519,7.761026453226805,66.66666666666666,669.7652752937981,83.33333333333334,13.23126049487776,-1.8933125,-68.7613689349538
ELECTCAST,6,-243.3484939371479,7.256385001043479,16.666666666666664,-233.59123662758924,33.33333333333333,4.2415915374444,-1.4508475,9.757257309558668
JISLJALEQS,6,80.35622434085492,5.98916724945108,50.0,-59.44649939249646,66.66666666666666,7.196933204881184,-2.9425685,-139.8027237333514
PATANJALI,6,78.02702660634174,2.6388883125036955,66.66666666666666,102.35013013206915,16.666666666666664,2.333471174058377,-1.2502098,24.32310352572742
AUROPHARMA,6,233.09065037754632,2.110719067665438,83.33333333333334,110.83232824814071,16.666666666666664,3.57336916517188,-0.9399856,-122.25832212940561
THYROCARE,6,2969.79684953331,2.485220367088914,100.0,213.52203670889136,100.0,44.31783641890025,,-2756.2748128244184
JWL,6,655.3632274987699,6.306033891936143,100.0,671.6245752201323,100.0,12.378404260681108,-2.5131578,16.261347721362426
BOMDYEING,6,455.61306306764584,3.9209525721768537,66.66666666666666,214.84890943298936,66.66666666666666,6.102598852040819,-2.34375,-240.76415363465648
TIRUMALCHM,6,562.9449550259299,4.08125927982231,100.0,378.98850190280774,100.0,11.198435025699538,-1.4568881,-183.95645312312212
NIITMTS,5,-145.33881820582383,3.886558003723621,40.0,-274.1042123530165,40.0,3.249717514124284,-4.9414268,-128.7653941471927
KAJARIACER,5,-112.18185973419313,2.454136125743389,40.0,-54.59086439017565,20.0,2.10116731517509,-0.76702553,57.59099534401747
DBL,5,-428.47447759332744,3.843170385807752,40.0,-306.4346394392538,20.0,2.8198433420365543,-4.8096447,122.03983815407366
VADILALIND,5,344.4344127920017,3.311104159802199,60.0,-1.4874808677650604,60.0,8.426859425527855,-2.0190766,-345.92189365976674
LLOYDSENGG,5,1526.5612613530693,5.844710282981396,80.0,611.6227697407331,80.0,16.75977653631284,-1.7834078,-914.9384916123362
SONATSOFTW,5,244.84976579878216,4.203946478664875,60.0,277.63146670812154,40.0,4.981273408239706,-3.0440502,32.78170090933938
KPEL,5,339.80519880844196,7.309470772743225,40.0,266.0813292038251,80.0,7.947805456702262,-2.0545316,-73.72386960461688
STANLEY,5,-48.66298082627427,2.4942617677152157,60.0,-35.82603951567895,40.0,2.7357512953367857,-2.53886,12.836941310595321
SSWL,5,59.36434784734834,3.6698435805737972,40.0,-429.97819324880464,40.0,2.3809523809523725,-2.8024976,-489.342541096153
KSCL,5,-93.41978976108231,4.0978187788277864,0.0,-93.41978976108231,0.0,3.8281582305401907,-2.2514071,0.0
CENTRALBK,5,-0.3763376966020443,5.20687360316515,60.0,-77.06952903537409,60.0,6.511627906976747,,-76.69319133877204
COALINDIA,5,272.23927052874456,2.2043853625655174,100.0,207.123363970288,40.0,3.6328536328536387,-0.8825527,-65.11590655845654
MTARTECH,5,805.9075562719312,3.611181527376175,100.0,407.06946048822226,100.0,10.220300192359,-0.930862,-398.8380957837089
BLKASHYAP,5,653.1351982863592,6.801804937422276,80.0,559.0463430899435,80.0,11.724137931034484,-0.49261084,-94.0888551964157
SMCGLOBAL,5,-270.67514970055163,4.587426371872425,60.0,43.20036656756012,20.0,3.517915309446251,-1.127907,313.87551626811177
DECCANCE,5,-244.94021909507188,5.462694950401783,40.0,-58.56598746985109,20.0,3.4854662633171163,-1.4459459,186.3742316252208
APOLLOHOSP,5,262.6049600573804,2.5457498989999294,60.0,121.34915425498929,20.0,3.0384217780840883,-0.53127676,-141.25580580239114
CEMPRO,5,235.1753803874782,4.471455290913582,40.0,88.49986671118592,40.0,4.853739567296023,-4.0920506,-146.6755136762923
NAVA,5,248.58585784913143,5.742562338709831,40.0,-15.402296061966963,40.0,4.026845637583887,-1.2549019,-263.9881539110984
NAHARINDUS,5,-195.24279437504822,3.5859075188636775,100.0,323.59075188636774,100.0,8.535714285714269,-1.4285715,518.8335462614159
DRREDDY,5,-124.1275010393642,1.82911760173738,40.0,-123.85565633349191,20.0,1.4637421665174566,-0.39895922,0.27184470587229725
DREDGECORP,5,-359.0935693041325,7.3076431453228,40.0,118.23539021737285,60.0,5.6878231717711225,-0.24004267,477.32895952150534
JMFINANCIL,5,8.56676530191825,3.689530231058598,80.0,48.547910537573344,80.0,6.831566548881041,-1.6550117,39.98114523565509
SHARDACROP,5,-161.81985110663499,3.3096653781831264,60.0,15.698235073172153,40.0,2.621722846441954,-1.3253012,177.51808617980714
FACT,5,789.3235255280428,3.280143458396197,80.0,-5.439261423736498,80.0,9.17307692307694,-1.4141693,-794.7627869517793
EXXARO,5,-659.8037440057415,1.6289978474378586,60.0,-322.5804300506726,0.0,1.5518913676042745,-2.7504911,337.2233139550689
RPGLIFE,5,289.71446174961113,2.9996475391089916,100.0,264.9647539108991,60.0,6.263982102908283,-4.3012967,-24.749707838712027
RIIL,5,383.40640349060004,3.929282035678625,100.0,357.9282035678625,80.0,7.871972318339093,-0.37585288,-25.47819992273753
RBA,5,-298.04987038181497,2.6541112177073956,20.0,-247.5753912700803,0.0,2.431834929992638,-3.0002913,50.47447911173467
SAKSOFT,5,84.68578807017313,5.765836238861084,40.0,-90.07558481376942,40.0,2.800103707544732,-2.6864421,-174.76137288394256
OMAXE,5,163.09639554782586,4.730166792869568,80.0,329.0406377072567,80.0,5.446601941747575,-1.8779343,165.94424215943081
ONGC,5,-174.90237930590888,2.6148618571460247,40.0,-136.99253164257473,0.0,2.2666666666666613,-0.5680025,37.90984766333415
JAYBARMARU,5,-147.70276675558978,4.031800497323275,60.0,46.48665927131524,40.0,4.753590984842471,-0.19046108,194.189426026905
JINDALPHOT,5,-444.2242108057831,6.054322179406881,20.0,-263.4339229666577,20.0,1.8286124058802589,-4.777778,180.79028783912543
SALZERELEC,5,91.17877250300499,3.1129553262144327,60.0,-223.3246938372163,60.0,9.91557689124316,-1.2916491,-314.5034663402213
SANSERA,5,34.21967590106412,2.3280983604490757,60.0,45.986348323498035,40.0,2.9189189189189113,-1.8330712,11.766672422433913
SAIL,5,-80.2682209383233,3.9786571823060517,60.0,49.435725776864395,60.0,7.101449275362337,-1.1898007,129.7039467151877
JSWENERGY,5,633.4508824752055,4.902604892849922,80.0,326.0936748484772,80.0,15.184459098199943,-0.87564707,-307.3572076267283
BIGBLOC,5,571.1173884037962,6.183164920657873,60.0,111.04185317396708,80.0,6.903225806451618,-3.1935482,-460.07553522982914
JSL,5,-68.47120609253375,4.949342720210552,40.0,13.892915804523247,40.0,2.8301886792452935,-3.1821873,82.36412189705699
AURUM,5,966.6466735693937,5.295263044536114,100.0,591.3081026091188,100.0,15.530903328050716,-0.707428,-375.33857096027486
PAKKA,5,-285.216720401111,4.990382753312588,80.0,284.3266079552772,80.0,6.668346350886045,-0.20996052,569.5433283563882
POKARNA,5,-8.59405751455855,5.5237264558672905,20.0,-336.2399616936039,40.0,3.99025852379169,-2.5493975,-327.6459041790454
IIFLCAPS,5,113.74956113933831,4.817788191139698,80.0,253.75472799303643,80.0,8.264081255771005,-5.7206774,140.0051668536981
APARINDS,5,1113.5414989360734,3.7331586517393585,60.0,-98.13560868272327,60.0,6.769025367156201,-3.949086,-1211.6771076187965
ANGELONE,5,-510.9573624059009,4.558645207434893,40.0,-227.89450089323793,20.0,3.233830845771135,-0.8164714,283.06286151266295
GMRP&UI,5,701.0301299838765,7.551201321184635,80.0,596.107960201152,80.0,10.81391179634279,-2.695438,-104.9221697827245
GRAPHITE,5,70.56797728021246,6.737063340842724,40.0,130.28504806377018,80.0,6.283618581907091,-0.57430005,59.717070783557716
GODFRYPHLP,5,231.9390080559315,2.0239969342947006,100.0,169.93633613061937,40.0,4.104011474575486,-1.6425301,-62.00267192531214
GOKEX,5,-69.9429984971448,4.546759370714426,100.0,451.68207588911235,100.0,8.947368421052637,-1.4201686,521.6250743862572
ORICONENT,5,665.0782978819294,4.9772959202528,100.0,462.72959202527994,100.0,7.648725212464602,-0.40650403,-202.34870585664947
PFOCUS,5,579.5357442728127,3.729250840842724,100.0,337.9250840842728,100.0,10.47326906222612,-2.2574878,-241.61066018853995
PRECWIRE,5,-1.9530713111824693,4.022256098687649,60.0,104.8588691335032,60.0,5.120481927710863,-2.0699148,106.81194044468567
HCLTECH,5,-142.36618291373736,2.5620697997510433,40.0,-211.43945783466773,20.0,1.1184350414628952,-0.53601336,-69.07327492093037
TRIDENT,5,472.1099401941601,4.460749849677086,80.0,346.7049477269414,80.0,11.537730469492491,-0.63801205,-125.40499246721873
MINDACORP,5,1589.0140705366623,5.709635652601719,100.0,573.7453725011507,100.0,17.517814726840864,-2.9097388,-1015.2686980355116
VLSFINANCE,5,-248.50964268932665,4.705516807734966,40.0,-295.1388479116038,40.0,4.391353811149035,,-46.629205222277164
WELSPUNLIV,5,-81.98171100788122,5.075950771570206,40.0,-99.4365680121131,40.0,4.556962025316458,-0.25316456,-17.454857004231883
WELCORP,4,-592.9815499395136,3.86256433557719,50.0,-16.411331600237038,25.0,4.206751083377824,,576.5702183392765
VTL,4,-123.62373608571284,5.047608911991119,50.0,65.78241836777411,50.0,5.401916422677666,-1.9583445,189.40615445348695
VISHNU,4,29.05823386516737,4.837687988765538,50.0,67.80015015332182,25.0,3.8088141657317776,-3.7427988,38.74191628815446
YATHARTH,4,-260.3097443762786,5.22571774199605,25.0,-38.72365850286856,25.0,3.69345915029321,-3.7472527,221.58608587341007
ZFCVINDIA,4,155.27141730438845,0.8359612198546529,50.0,4.106641177703019,25.0,0.7782479692592048,,-151.16477612668544
ALANKIT,4,-260.5537149331769,3.706506732851267,50.0,-63.03936028999673,50.0,3.8681965834505005,-3.4827714,197.51435464318016
TTKPRESTIG,4,-348.49081620204004,4.03204201720655,0.0,-348.49081620204004,0.0,1.1789867169691326,,0.0
TRENT,4,4.991454615248256,3.75556000508368,50.0,-116.26961219897342,50.0,4.749811377212165,-0.26347983,-121.26106681422168
TSFINV,4,-465.73370395457556,4.84175574965775,50.0,-330.7979252848708,50.0,4.165976413264727,-1.1476947,134.93577866970475
MANINFRA,4,142.7660713795978,5.266808671876788,75.0,304.0140129837824,75.0,10.289769787894464,-6.3317275,161.24794160418458
MANALIPETC,4,-131.22490492381124,5.5265511851757765,50.0,16.598253215222847,75.0,5.743530813755537,-2.1958942,147.8231581390341
ZUARI,4,-615.5458692736099,3.435067553073168,50.0,-564.348589659075,50.0,5.162327416173563,-4.1262136,51.19727961453498
HINDOILEXP,4,1020.6738234952855,5.72668700478971,50.0,291.78374612373324,100.0,13.542073091429307,-0.8278145,-728.8900773715523
HCG,4,-59.232931319573545,2.650343347340822,75.0,154.45238098327627,50.0,5.059808757776052,,213.6853123028498
HCL-INSYS,4,-541.3550760835584,4.072682582773268,50.0,-498.1451669409942,50.0,6.0027337658587365,-4.8543687,43.209909142564186
PREMEXPLN,4,-6.695467803549396,3.8900204468518496,100.0,397.74048063437596,75.0,7.563509952105196,-4.1871324,404.43594843792533
INDIANB,4,-90.92417079706479,3.3427004935219884,50.0,-51.44067604260612,25.0,3.8796490076120183,-3.3494537,39.48349475445867
ICICIGI,4,-209.31734702183203,3.8171619875356555,0.0,-209.31734702183203,0.0,0.9628871662273331,-1.3684267,0.0
HSCL,4,222.8238513522199,5.548110930249095,50.0,265.9835414822911,75.0,7.343898385565062,,43.159690130071226
AXITA,4,-374.78395454352665,3.764421073719859,50.0,-260.5828306286239,50.0,4.9610919760173395,-0.5740528,114.20112391490272
UJJIVANSFB,4,117.35315763163003,2.991157560609281,75.0,128.9480359260359,50.0,6.36681148309054,,11.594878294405888
TRACXN,4,285.30181229626027,3.488727961666882,100.0,313.87279616668815,100.0,5.968891264533283,-2.138728,28.57098387042788
BAIDFIN,4,-332.236914903514,5.019019776955247,25.0,-236.97145360269096,25.0,2.397415476281606,-2.288188,95.26546130082303
JKIL,4,684.5956598582956,4.308217903599143,50.0,-49.450845637298556,50.0,9.8340151601648,-4.20354,-734.0465054955941
JINDRILL,4,772.5553211018338,6.091493461281061,75.0,488.6985919614023,100.0,9.285098053350039,-1.6306612,-283.85672914043147
BFUTILITIE,4,642.1294189908868,3.1922866124659777,75.0,19.917561483217828,75.0,13.338624892424345,,-622.211857507669
JYOTHYLAB,4,185.5599848149187,3.546348959207535,50.0,194.6798163135827,25.0,4.203873115808032,-0.57287693,9.119831498664013
EMAMILTD,4,-46.43142853161334,3.6166782025247812,25.0,-75.78132987112544,25.0,2.5627172163288914,,-29.349901339512094
EPL,4,907.9797347926988,4.29131961427629,100.0,394.13196142762894,100.0,12.448027119079752,,-513.8477733650698
GMDCLTD,4,391.9711494171474,4.599956050515175,100.0,424.99560505151743,100.0,11.85634565469681,-0.49774563,33.02445563437004
RITES,4,-139.7546962508025,2.2009145352058113,50.0,38.074289904970506,0.0,1.890400792366731,,177.828986155773
INDTERRAIN,4,75.88722938516787,6.258912244811654,75.0,359.71476720985163,75.0,6.673425417344925,-1.5225182,283.82753782468376
GOLDIAM,4,1001.5132578398744,7.069895346648991,75.0,475.28472420572785,100.0,10.119839290662236,-0.24937657,-526.2285336341465
ORIENTHOT,4,136.86775449030134,3.629421186633408,75.0,-69.24816448998115,75.0,6.707668999350691,-2.0658255,-206.1159189802825
ORCHPHARMA,4,340.4504838615857,2.865710947662592,100.0,251.5710947662592,75.0,9.097227722772283,-1.9899849,-88.87938909532653
ARVSMART,4,101.03858418938408,4.519393993541598,50.0,186.1627094622054,50.0,4.566946790131632,-1.1444887,85.12412527282133
GODREJAGRO,4,-200.27712662531476,2.6296890107914805,25.0,-170.90528999144178,0.0,0.7558615794968748,-1.7895004,29.371836633872988
GOKULAGRO,4,1071.8360622931505,4.70260214060545,100.0,618.5002885104774,100.0,18.70696234735413,-2.472439,-453.3357737826731
HDFCGOLD,4,6.777759024662634,1.1226672038901597,75.0,80.14395698232345,0.0,1.795218620771022,-0.35410276,73.36619795766082
AXISCADES,4,600.695770797921,6.864630617201328,50.0,208.21155537696256,50.0,9.671709255135053,-0.90448755,-392.48421542095844
GRMOVER,4,-96.63100448675938,3.1789450207725167,75.0,41.86770851968921,75.0,8.428876620892522,-5.0863695,138.49871300644858
ASHOKLEY,4,403.3429771405567,3.5205133724957705,25.0,186.5644536506234,25.0,1.2721778124390681,-1.5099192,-216.7785234899333
ATL,4,244.70578428416545,5.0777309108525515,100.0,472.7730910852551,100.0,9.144750942965373,-0.36884087,228.06730680108964
IKIO,4,2.458009467829758,2.479423431213945,100.0,212.94234312139452,50.0,5.830039525691699,-1.8691589,210.48433365356476
ANTELOPUS,4,-223.16686483046882,3.302523586899042,50.0,-179.7639793158978,25.0,3.8443452234001807,-2.6109655,43.40288551457101
DCMSHRIRAM,4,141.51905994295748,3.4337035845965147,75.0,87.11647711224653,50.0,4.248137907795901,-1.1457397,-54.402582830710955
BASF,4,40.047733988730904,4.139161016792059,50.0,15.464885099684967,50.0,5.221254671295572,-2.6974614,-24.582848889045938
SPIC,4,811.9166276167081,5.501416465267539,100.0,515.1416465267539,100.0,13.885912893933972,-0.8666201,-296.77498108995417
SOLARINDS,4,455.08104419860194,2.95015680603683,100.0,260.015680603683,100.0,7.788490411137539,-0.22576703,-195.06536359491895
BUTTERFLY,4,-0.3444127657631281,5.399187281727791,25.0,13.075746339707992,25.0,2.5906833285266107,-2.4950001,13.42015910547112
CGCL,4,-118.81747186890584,4.632514854893088,25.0,187.00769994629331,25.0,3.399566140115795,-0.9367017,305.82517181519916
NAM-INDIA,4,837.7421640955829,3.363935765810311,75.0,216.23243869827223,75.0,11.419974154853508,-1.079342,-621.5097253973106
NAVKARCORP,4,758.4257928537708,5.270175356417894,100.0,492.0175356417894,100.0,9.785938283464157,-0.9737099,-266.4082572119814
LTTS,4,-125.23896512168285,3.678030497394502,50.0,-35.60853052042511,25.0,3.175497735217969,-0.9129008,89.63043460125775
MUFTI,4,-589.3697968168929,2.874613367021084,25.0,-519.5753784233365,0.0,1.3165972661785874,-3.42162,69.79441839355638
AGI,4,627.4050129048875,5.66475884988904,100.0,531.475884988904,100.0,9.849042269967834,-2.5664954,-95.92912791598349
ADFFOODS,4,191.11362432608024,3.810145182069391,50.0,149.70972016792598,75.0,5.3528528528528625,-2.0829296,-41.40390415815426
WHIRLPOOL,4,-576.9866292873044,2.699275966733694,25.0,-332.2238563693916,0.0,0.4954995908719062,-3.3377488,244.76277291791274
SWSOLAR,4,-404.18102711171855,2.472742018289864,50.0,-142.2836775476591,25.0,1.578549334822399,-5.9665008,261.8973495640595
MAHSCOOTER,4,245.39856534449984,2.5030087446793914,75.0,71.15707343924612,75.0,5.840984960500206,-0.7217465,-174.24149190525372
SUNDARAM,4,-353.38154161412336,4.820037633180618,0.0,-353.38154161412336,0.0,1.5504807692307665,,0.0
STOVEKRAFT,4,279.02488772239946,7.461557211354375,75.0,579.5159109298564,100.0,8.860355409746889,-1.0161506,300.491023207457
SUBEXLTD,4,-358.4734360602443,4.074547451455146,50.0,-227.47607650756478,50.0,4.991057662658028,-2.6000001,130.9973595526795
NETWEB,4,472.5731449392265,2.782502886839211,100.0,243.2502886839211,75.0,14.95690831690909,-2.1785226,-229.3228562553054
TATAELXSI,4,265.1351368607966,4.465631279163063,75.0,327.8927449066377,50.0,5.453933672999122,-0.010117,62.757608045841096
KRBL,4,-118.51562296252976,4.086130298674107,25.0,-213.44159803327796,25.0,1.7406282856234134,-1.65606,-94.9259750707482
KKCL,4,659.6478280447349,3.286773501895368,100.0,299.2689197340409,100.0,10.489432819191524,-2.0428967,-360.378908310694
JKTYRE,4,89.04695542308609,5.325366789475083,25.0,100.53404931024471,50.0,4.99025974025974,-1.3444223,11.487093887158622
JTEKTINDIA,4,-213.35278158059634,6.395194120705128,50.0,-250.25410202058117,50.0,6.6955024274067965,-3.104297,-36.90132043998483
KAYNES,4,-981.7330107496608,2.476291870698333,50.0,-746.831804423215,0.0,3.3614486920631292,-1.8633019,234.90120632644584
OIL,4,-195.20361437604103,3.4039549762383103,25.0,-149.97999912894798,25.0,2.3401002992836317,-4.4181914,45.22361524709305
GAEL,4,242.4744530037848,6.546918116509914,75.0,190.06214717798147,75.0,9.238882333781573,-5.994253,-52.412305825803315
NUCLEUS,4,-457.1811395893005,2.917489828541875,50.0,-212.7577536597677,50.0,2.922341350333235,,244.42338592953283
NEULANDLAB,4,377.8378440481811,3.345286031253636,75.0,179.6098947407965,100.0,8.829033117878316,,-198.22794930738462
DCXINDIA,4,355.71651277240767,3.5618128022179008,100.0,321.18128022179,25.0,4.561194531042356,-1.9849993,-34.53523255061765
DHANBANK,4,-158.20088944221823,4.503645468503237,25.0,-220.4576987807394,25.0,0.39340576995128274,-4.9769363,-62.25680933852118
SDBL,4,-1149.3518966327158,5.716265551745892,75.0,85.72192039340703,50.0,5.582482476398843,,1235.073817026123
APLAPOLLO,4,1008.3917018540733,5.488081043586135,75.0,310.97217340898874,75.0,12.674774782173092,,-697.4195284450846
ARIHANTCAP,4,99.61901587263486,4.369769711047411,75.0,356.35893641305813,75.0,5.932203389830515,-0.7614609,256.73992054042327
KOLTEPATIL,4,-232.45641622639255,4.0999445132911205,0.0,-232.45641622639255,0.0,1.2847854670028025,-2.058222,0.0
KOTHARIPET,4,705.3618854417912,4.478881694376469,100.0,412.8881694376468,100.0,14.34151263919764,-0.8559571,-292.47371600414436
HDFCBANK,3,-180.3063604301541,1.9050218475361664,0.0,-180.3063604301541,0.0,1.3513513513513375,,0.0
PGHH,3,35.19071029901439,1.7308840217689674,33.33333333333333,-51.775933567378566,33.33333333333333,1.209501526747836,,-86.96664386639296
HBLENGINE,3,202.74915011653593,3.727096722771724,100.0,337.7096722771724,66.66666666666666,8.430717863105187,-2.8414044,134.96052216063646
INDIACEM,3,370.62962753311206,2.6567853055894375,100.0,230.67853055894375,100.0,5.601369223587982,-1.226708,-139.9510969741683
PRAJIND,3,1033.4081940285323,4.700256697833538,100.0,647.6047919548454,100.0,12.06060606060606,-0.4194011,-385.8034020736869
PRICOLLTD,3,384.47600469191804,4.590235929936171,100.0,424.023592993617,66.66666666666666,12.164502164502178,-1.5846994,39.547588301698966
MARUTI,3,-123.62878592711063,1.8875027696291606,66.66666666666666,7.847779309190448,0.0,1.6013660942984398,-0.7164639,131.47656523630107
MAPMYINDIA,3,-129.79659868433873,1.9860086186478536,66.66666666666666,-148.65358907832672,33.33333333333333,3.6402116402116436,-2.2909508,-18.856990393987985
UGROCAP,3,256.29252888312874,4.480841259161631,100.0,413.0841259161631,100.0,18.585077343039135,-3.4225197,156.79159703303435
HIMATSEIDE,3,128.4668729324214,5.289996601641178,66.66666666666666,214.11746912363415,66.66666666666666,6.157084594132334,-2.3424053,85.65059619121274
TRIGYN,3,27.02736277924226,9.215307484070461,0.0,27.02736277924226,100.0,7.871720116618075,-1.2254902,0.0
MSTCLTD,3,580.8414209284587,4.499065255125364,100.0,414.90652551253635,100.0,8.527437820765883,0.0,-165.9348954159223
ZENTEC,3,455.12550279727094,7.8118011355400085,66.66666666666666,381.5704577558441,100.0,19.01652935385254,-0.5928662,-73.55504504142687
WABAG,3,492.44588919189124,4.003371826062599,33.33333333333333,49.31707684887025,33.33333333333333,3.440860215053765,,-443.12881234302097
VIYASH,3,1356.8459939557627,5.473570680866638,100.0,512.3570680866638,100.0,19.298245614035082,-0.5183413,-844.4889258690988
VIMTALABS,3,323.8736642354687,4.23386904100577,66.66666666666666,105.85062716684821,66.66666666666666,12.864077669902919,-0.9466019,-218.0230370686205
YATRA,3,910.99458260565,2.8209879994392395,100.0,247.09879994392395,66.66666666666666,14.695643000316473,-0.48156506,-663.895782661726
3MINDIA,3,640.0190609361557,1.9377785734832287,100.0,158.77785734832287,66.66666666666666,10.248607386011965,-1.2820059,-481.24120358783284
IDBI,3,325.6922258400376,3.9923043300708136,66.66666666666666,174.77144400938676,66.66666666666666,5.474452554744524,-3.1125932,-150.92078183065087
HNDFDS,3,-1040.0141958220079,3.0134213467439013,66.66666666666666,-270.77177016205917,33.33333333333333,3.463393248575186,,769.2424256599487
MPSLTD,3,45.14297382537964,4.1652221853534375,100.0,381.52221853534377,100.0,9.781209781209776,-0.83011585,336.37924470996415
MINDTECK,3,-511.17001357373715,6.358547632892926,33.33333333333333,-377.861084283271,33.33333333333333,4.349881796690291,-2.9387417,133.30892929046615
RML,3,94.28843673216635,4.091140689949194,33.33333333333333,63.694969347224244,33.33333333333333,2.7635556103880132,-4.1515155,-30.5934673849421
IOB,3,39.76042254306052,4.016992387672266,100.0,366.6992387672265,66.66666666666666,9.068010075566747,-0.85681593,326.938816224166
ASIANPAINT,3,-269.85587368649993,1.6649800352752209,0.0,-269.85587368649993,0.0,0.371724558196207,-1.790067,0.0
ATUL,3,-331.01912096751374,2.425758106013139,33.33333333333333,-146.45934818155996,33.33333333333333,0.5799465016499195,,184.55977278595378
POWERGRID,3,-33.37248302477924,2.133101349075635,33.33333333333333,-71.56950415197016,0.0,1.1757425742574323,-0.82508254,-38.19702112719092
PNGJL,3,225.83017462193402,4.338581549624601,33.33333333333333,270.8759182749811,33.33333333333333,4.232558139534892,-2.2120519,45.045743653047055
SENCO,3,1266.9601886319263,4.187625863899788,66.66666666666666,527.0134007922043,66.66666666666666,12.634041723532864,-6.623134,-739.946787839722
SHANTIGEAR,3,157.93767716645223,5.4206667467951775,0.0,157.93767716645223,33.33333333333333,3.4482758620689724,-1.0812502,0.0
KEC,3,104.7759756006156,3.9523374599715075,66.66666666666666,238.18353613270986,66.66666666666666,13.190599237110856,-4.1566024,133.40756053209427
JTLIND,3,1090.6270723546872,3.3560960553586483,66.66666666666666,103.63749679630814,66.66666666666666,8.058608058608051,-2.1029084,-986.9895755583791
ELGIEQUIP,3,-12.926340409028699,3.069605864584446,66.66666666666666,-28.845348877322706,66.66666666666666,6.1234447426201655,-2.8543546,-15.919008468294008
SAKHTISUG,3,-522.613704393454,5.826249532401562,0.0,-522.613704393454,0.0,1.85185185185186,-2.360623,0.0
TI,3,-496.73837495552596,5.359249251584211,33.33333333333333,-235.50995620480074,33.33333333333333,1.3733468972533247,-4.5269585,261.2284187507252
RELIANCE,3,298.11373728454714,2.0635056619842844,66.66666666666666,-45.23064896826134,33.33333333333333,1.8436844768997096,,-343.3443862528085
OMINFRAL,3,334.64036478917734,4.931062459945679,100.0,508.82979933357717,100.0,8.115543328748288,-3.061383,174.18943454439983
JAGSNPHARM,3,218.42055967370672,4.111922439187765,66.66666666666666,16.514839782555622,66.66666666666666,12.646121147715196,-1.7003188,-201.9057198911511
RELIGARE,3,-1.689608818654098,4.883180217196545,100.0,453.3180217196544,66.66666666666666,5.558772437753334,-0.625,455.0076305383085
NRAIL,3,-25.588972175149514,6.2038711582620945,0.0,-25.588972175149514,0.0,3.7070524412296635,-2.0572996,0.0
BAYERCROP,3,-160.1966606485751,1.9049454480409622,33.33333333333333,-72.93953456608897,0.0,1.412429378531077,-0.65913373,87.25712608248612
BATAINDIA,3,45.007416734261966,1.6200076943884294,66.66666666666666,101.74340291166617,66.66666666666666,5.080223676035223,-1.1110705,56.7359861774042
SANGAMIND,3,872.2216877206473,8.096364078422386,66.66666666666666,539.2760606933394,100.0,12.293233082706756,-0.24705437,-332.94562702730786
SAMMAANCAP,3,944.7458989115977,4.651071627934774,66.66666666666666,340.6529971634048,66.66666666666666,8.677685950413206,-0.54164976,-604.0929017481928
PURVA,3,-361.79629115206313,5.574025120586157,33.33333333333333,-419.15067897268455,33.33333333333333,2.64000000000002,-3.58,-57.35438782062141
RALLIS,3,165.89412432691796,2.6577540052433806,66.66666666666666,154.96156704292073,66.66666666666666,6.000000000000005,-2.340468,-10.932557283997227
GPTINFRA,3,1301.14108787986,6.2678055216868716,100.0,591.7805521686872,100.0,13.15909090909091,-2.705411,-709.3605357111727
GREAVESCOT,3,294.6281929491229,2.2588614219178753,100.0,190.8861421917876,66.66666666666666,5.325000000000002,-0.70416665,-103.74205075733528
GNFC,3,-264.3964257395361,5.6824589148163795,66.66666666666666,439.8343543303942,66.66666666666666,9.59591267998141,-1.6659975,704.2307800699302
ASHOKA,3,1308.0264180264176,3.5843745805323124,100.0,379.1744299244787,100.0,7.047619047619058,-3.352273,-928.8519881019388
ASTRAL,3,-425.0239725679985,3.2674667425453663,33.33333333333333,-508.6611220165388,33.33333333333333,0.0,-2.5967512,-83.6371494485403
PSB,3,-591.9633415152498,5.164927492539087,33.33333333333333,-696.4525247122793,33.33333333333333,1.9900497512437942,-4.142582,-104.48918319702955
TNPL,3,432.15552995116724,2.240818925201893,100.0,189.08189252018929,100.0,10.191705790297334,,-243.07363743097795
AVALON,3,618.6600195532608,4.221224598586559,100.0,408.06179791102403,100.0,7.999688424988327,-1.7699115,-210.59822164223675
PRSMJOHNSN,3,-136.5117031793659,4.384812029699484,0.0,-136.5117031793659,0.0,2.107856556255139,-0.95811665,0.0
ASHAPURMIN,3,153.86021518042267,6.671275570988655,33.33333333333333,-152.97834312403964,33.33333333333333,0.45482110369921,-5.7610674,-306.8385583044623
OSWALGREEN,3,58.54411991534229,5.076346111794313,66.66666666666666,198.25573470970787,66.66666666666666,7.369758576874208,-3.1766202,139.71161479436557
ORIENTELEC,3,144.41097122353625,7.583188886443774,33.33333333333333,244.29346241037558,33.33333333333333,3.5058430717863187,,99.88249118683933
VBL,3,-3.0752762676416907,4.762922165294489,0.0,-3.0752762676416907,33.33333333333333,1.0857763300760048,-3.1225908,0.0
DHAMPURSUG,3,388.48360420841965,4.669557635982832,100.0,431.9557635982831,66.66666666666666,6.072088724584113,-1.4696369,43.472159389863464
STYRENIX,3,-53.98435180863115,2.0272278537352877,66.66666666666666,59.22402946368165,33.33333333333333,2.97828910744109,,113.2083812723128
KIRLOSENG,3,-123.22220308642511,3.795222875972589,33.33333333333333,75.1967830681124,33.33333333333333,3.9771250324928564,-2.7813883,198.4189861545375
KPIL,3,1577.977298624475,3.4252715297043324,100.0,416.10903920261956,66.66666666666666,34.37325905292479,,-1161.8682594218553
TATAINVEST,3,-37.14697583118652,1.9430837283531825,100.0,159.30837283531827,66.66666666666666,6.072874493927127,-0.21367523,196.4553486665048
TATSILV,3,270.1613446394034,5.609365552663803,100.0,550.8167102777422,100.0,9.496753246753254,-0.32467532,280.6553656383388
TEAMLEASE,3,1333.1162239126143,4.719963048895201,100.0,436.99630488952,100.0,16.90352020860495,-2.7412026,-896.1199190230943
EKC,3,-16.699496092602757,4.827538008491198,66.66666666666666,155.71740319311021,66.66666666666666,5.728429985855721,-3.606789,172.416899285713
SBIN,3,435.6975251283851,3.2298805502553782,100.0,287.9880550255378,66.66666666666666,12.921669525443114,,-147.70947010284732
DLINKINDIA,3,36.114993952515356,6.226841608683268,66.66666666666666,160.6469936904681,66.66666666666666,5.536246276067525,-3.2202072,124.53199973795273
DREAMFOLKS,3,-338.20590183400276,2.776810247451067,100.0,242.6810247451067,33.33333333333333,4.058272632674287,-1.4878049,580.8869265791095
DVL,3,-234.95798752927527,6.10381488998731,33.33333333333333,-87.61018862323962,0.0,1.3307679974346565,-1.2129565,147.34779890603565
EIDPARRY,3,142.99848186600147,4.101264383643866,66.66666666666666,123.43716342401926,33.33333333333333,4.18521816562778,,-19.56131844198221
NHPC,3,-203.95106101467084,2.2417709852258367,33.33333333333333,-112.17058440208089,33.33333333333333,1.4104372355430161,-1.168843,91.78047661258995
SINDHUTRAD,3,300.8731283402897,6.78585097193718,66.66666666666666,211.46710340044766,66.66666666666666,8.909444985394366,-2.1421616,-89.40602493984207
KTKBANK,3,-367.65248525805515,3.5461993577579656,33.33333333333333,-191.32856074384176,33.33333333333333,3.115591045948407,-0.84190834,176.3239245142134
SOTL,3,511.6644553058134,5.708065629005432,33.33333333333333,184.83193500304753,33.33333333333333,3.154305200341012,-0.7672635,-326.8325203027659
SUNPHARMA,3,-123.98882626962516,1.974027541776498,33.33333333333333,-6.62943333846363,0.0,1.5089163237311354,-0.24779858,117.35939293116154
CHALET,3,812.8626538445577,2.781795244663954,100.0,243.17952446639535,100.0,13.370301910043114,0.0,-569.6831293781623
CIEINDIA,3,-510.1579405312334,2.9995408840477467,100.0,264.9540884047746,33.33333333333333,3.9835164835164916,-1.7600785,775.1120289360081
CARBORUNIV,3,188.92682696653696,1.9875713934501011,100.0,163.75713934501016,33.33333333333333,3.5941422594142347,-1.6485356,-25.169687621526805
MAHSEAMLES,3,-594.9055503371438,6.26814179122448,0.0,-594.9055503371438,0.0,1.5281899109792274,-2.9376855,0.0
COLPAL,3,-83.41604445182779,1.993269318093856,66.66666666666666,15.132933799126686,33.33333333333333,2.1832797427652872,-0.08078956,98.54897825095448
LINCOLN,3,-254.84155871468445,4.373588226735592,100.0,402.35882267355913,100.0,6.624999999999992,-4.632824,657.2003813882436
WSTCSTPAPR,3,601.2392180749979,4.1041771570841465,100.0,375.4177157084147,100.0,8.216560509554128,-1.3057325,-225.82150236658322
MAHABANK,3,66.15458200135521,2.238697061936061,100.0,188.86970619360608,66.66666666666666,12.096774193548377,,122.71512419225087
SUPREMEIND,3,369.27628064403063,2.6452216009298963,100.0,229.5221600929896,66.66666666666666,7.563984264970136,,-139.75412055104104
TARC,3,281.4604422606572,4.967521705354253,33.33333333333333,252.91222440307627,66.66666666666666,8.011976047904179,-0.005988024,-28.548217857580937
AARTIIND,3,-157.53299186813547,3.503605257719755,33.33333333333333,-111.67022453215007,0.0,0.7969995311767564,-2.206273,45.862767335985396
LUXIND,3,261.02824252517325,3.7003488590319953,66.66666666666666,240.14501416644313,66.66666666666666,7.2204519119351,-0.6995885,-20.883228358730122
AMRUTANJAN,3,-567.7997547282482,3.3778358871738114,0.0,-567.7997547282482,0.0,0.9102902374670263,,0.0
AMBALALSA,3,-8.579476558185732,7.256690288583438,66.66666666666666,330.6420771136152,33.33333333333333,4.796849829962402,-3.248387,339.2215536718009
ZYDUSLIFE,3,-76.9955207197309,3.3291572084029517,0.0,-76.9955207197309,0.0,2.3162206058894297,-0.57499826,0.0
ALEMBICLTD,2,-475.35251080947086,3.752710297703743,50.0,-191.2839425431967,0.0,3.841247085539512,-1.615146,284.06856826627416
AKSHAR,2,101.49425287356296,4.050487000495195,50.0,101.49425287356296,50.0,4.813218390804597,0.0,0.0
UTTAMSUGAR,2,58.11160779869488,4.2136832140386105,100.0,386.368321403861,100.0,10.866440009234191,-1.1238431,328.2567136051661
UTIAMC,2,-878.7200882798063,3.4921216778457165,0.0,-878.7200882798063,0.0,1.7535780076519791,-5.1540246,0.0
ARTEMISMED,2,-432.0597056331593,5.241518281400204,0.0,-432.0597056331593,0.0,1.0689167810093658,-3.5900793,0.0
ARE&M,2,149.90876912551357,1.106542069464922,100.0,75.6542069464922,0.0,3.7175421481938753,-0.58061635,-74.25456217902138
LODHA,2,3319.4373439381093,5.081424582749605,100.0,473.14245827496046,100.0,38.686445512574494,-6.0668616,-2846.2948856631488
MRPL,2,-158.76288411640905,3.67504577152431,50.0,-20.47642391995952,50.0,4.605218554787694,-0.9197081,138.28646019644953
MRF,2,-13.871010139888087,3.033479629084468,50.0,78.00628233160137,0.0,1.471196930196128,-0.5194346,91.87729247148945
MOTHERSON,2,120.8089857756162,4.336998239159584,0.0,120.8089857756162,0.0,2.5451430056330437,-2.9626145,0.0
MONTECARLO,2,-629.0751355515933,1.7407373758032918,100.0,139.07373758032918,50.0,5.695411984818066,-2.1529987,768.1488731319225
MID150CASE,2,-93.44004959239035,3.7384302355349064,100.0,353.9237082781527,100.0,17.18477065144447,-0.93582886,447.36375787054305
METROPOLIS,2,-590.3865652724971,1.2981628067791462,100.0,94.81628067791462,0.0,2.051513871285726,-3.183298,685.2028459504118
MARATHON,2,2241.11329742309,9.286803752183914,100.0,893.6803752183914,100.0,25.119044274057202,-3.4738758,-1347.4329222046986
MANINDS,2,899.3825410703121,8.927035890519619,50.0,686.233693906923,100.0,12.091023775453714,-2.4029574,-213.14884716338906
ARVIND,2,524.5187567338145,3.7149444222450256,100.0,336.4944422245025,100.0,15.963629240262488,,-188.02431450931198
TREJHARA,2,-792.3832481874505,5.40652284398675,0.0,-792.3832481874505,50.0,4.099455551577447,-3.249883,0.0
AURIONPRO,2,666.5855259958159,4.376529715955257,100.0,402.6529715955257,100.0,22.748893536306593,,-263.93255440029026
AUBANK,2,1943.9352869737575,3.516953159123659,100.0,316.69531591236586,100.0,22.99462180497358,,-1627.2399710613915
BANKINDIA,2,-14.277718304989104,5.509362230077386,50.0,230.14463533586272,50.0,5.817524628774995,-2.4316528,244.4223536408518
KIRLFER,2,14.127600399786479,4.4742063619196415,50.0,47.859704768826205,50.0,5.7094802844163794,-6.437243,33.732104369039725
NBCC,2,956.2963382964501,6.48356843739748,100.0,613.356843739748,100.0,11.351735155434051,-3.804161,-342.93949455670213
MUTHOOTFIN,2,-540.7667889987599,2.538085333071649,50.0,-353.26852679842705,0.0,1.0676493911582763,-1.7272625,187.49826220033287
MADRASFERT,2,761.4079614533448,4.9142466858029366,100.0,456.4246685802936,100.0,10.532572765218372,-5.194239,-304.9832928730512
BALMLAWRIE,2,845.5817589430087,2.491781674325466,100.0,214.17816743254662,100.0,13.305989167507558,,-631.4035915104621
BAJAJHLDNG,2,-131.51937260961532,1.9916930934414268,0.0,-131.51937260961532,0.0,1.8004854017552696,,0.0
BAJAJHCARE,2,66.83193515624912,3.123420150950551,100.0,288.71244329345797,100.0,8.126675695568675,-2.1242723,221.88050813720884
BAJAJCON,2,253.1973085278899,3.313484648242593,100.0,296.3484648242592,50.0,5.66658026641389,-1.7964072,43.15115629636932
TNPETRO,2,-91.45163518415707,5.545629234984517,50.0,53.91701768434124,0.0,3.374813360598572,0.0,145.36865286849832
TIIL,2,-85.8197279929762,5.010558478534222,50.0,-36.7491569341083,50.0,4.389503305629983,-5.563476,49.0705710588679
BHARATWIRE,2,590.116698507585,2.76169260032475,100.0,241.169260032475,100.0,10.634857546120758,-0.6822612,-348.94743847511006
BHARATFORG,2,1190.163675757147,3.6224156618118286,100.0,327.2415661811828,100.0,14.917102350336775,,-862.9221095759642
BERGEPAINT,2,82.96522551145162,2.66962768509984,0.0,82.96522551145162,0.0,1.740669057786326,,0.0
BEML,2,629.4510041250229,4.721828084439039,100.0,437.18280844390387,100.0,10.955378266390504,-1.6513314,-192.26819568111904
KARURVYSYA,2,-34.42326189724952,4.173526912927628,50.0,49.37178786424745,50.0,4.443632032828637,-1.1715965,83.79504976149697
KANSAINER,2,156.90363429143932,2.2117733024060726,100.0,186.17733024060726,0.0,3.4661803426597193,-1.8703494,29.273695949167944
KAMDHENU,2,113.47107438016482,7.142135128378868,50.0,220.3768840210496,50.0,6.322314049586786,-0.3305785,106.90580964088477
KALYANKJIL,2,-158.10262123131247,5.49117736518383,50.0,-312.3247470335705,50.0,6.543139932955889,-3.4081857,-154.222125802258
NILKAMAL,2,749.7758006006611,3.645857982337475,100.0,329.5857982337474,100.0,12.487185320901295,-0.08523908,-420.1900023669137
KMEW,2,414.3173664905403,6.885037012398243,100.0,653.5037012398243,100.0,9.790184843580574,-1.5266603,239.18633474928401
KIRLOSBROS,2,-228.23400219626643,5.104533396661282,50.0,-215.6678601952594,50.0,5.705051412598583,,12.566142001007023
TEXINFRA,2,-726.479134552715,3.9636478759348392,50.0,-158.68405773939165,50.0,4.207079939503466,-2.9861479,567.7950768133234
BSE,2,475.64419302701447,5.411369074136019,100.0,506.1369074136018,100.0,8.940160086200265,-1.427461,30.492714386587352
BPCL,2,27.777017920085942,2.9850469436496496,50.0,133.6998891673186,50.0,3.5866654139478205,-1.022106,105.92287124723265
BLSE,2,950.0246589059963,4.879081808030605,100.0,452.9081808030605,50.0,13.271540034213714,-1.9891702,-497.1164781029358
BIRLAMONEY,2,-913.0189232845304,4.401833470910788,50.0,-365.3578510726613,50.0,5.1028335706261085,-4.7631664,547.6610722118692
TANLA,2,2387.7554426940933,3.4707211889326572,100.0,312.07211889326567,100.0,29.21879018504785,,-2075.6833238008276
SUNTV,2,-94.9867903139967,3.7811169400811195,50.0,-167.24928873903866,50.0,4.459654875246233,-1.4461482,-72.26249842504195
CDSL,2,224.06701001051522,4.105275543406606,100.0,375.5275543406605,100.0,6.522534010085046,,151.4605443301453
COCHINSHIP,2,275.47407289068235,6.749407481402159,50.0,324.1028609756846,50.0,6.190882680086995,-1.9588752,48.62878808500227
IXIGO,2,9.248611326076496,5.629125330597162,50.0,299.25349871672336,100.0,5.629657216805106,-1.2429277,290.00488739064684
ITC,2,-95.04229148307782,2.2070877254009247,0.0,-95.04229148307782,0.0,0.5764841655820363,-0.78853154,0.0
ISGEC,2,65.23527483282503,2.174213621765375,100.0,182.4213621765375,100.0,6.193971564529432,-2.3335035,117.18608734371249
IRMENERGY,2,262.79892708126306,6.8124281242489815,50.0,352.9319573000006,100.0,7.136896483210808,-4.175402,90.13303021873753
JSWHL,2,-90.2013448141625,6.110001169145107,100.0,576.0001169145107,100.0,8.004321728193563,-0.17198625,666.2014617286732
CIPLA,2,-426.70818843891345,2.7247412130236626,100.0,237.47412130236626,0.0,3.161096805565222,-0.21260655,664.1823097412797
CHOLAHLDNG,2,831.4891759776527,2.648047683760524,100.0,229.80476837605238,100.0,12.991784993792688,,-601.6844076016004
CHAMBLFERT,2,170.8849906689003,3.506133798509836,50.0,54.20558514614985,50.0,4.532012855615964,-0.4460348,-116.67940552275044
CGPOWER,2,322.03057688745594,7.780701667070389,50.0,116.64814062683216,50.0,8.913486424528127,-3.839232,-205.38243626062376
SUDARSCHEM,2,-2.056765133688324,3.5743643064051867,50.0,67.27503962778052,50.0,5.9956934956935,-1.9691119,69.33180476146885
CSLFINANCE,2,-254.8494481248048,4.478414263576269,100.0,412.84142635762686,50.0,5.265099298059706,-3.5680432,667.6908744824317
CRAFTSMAN,2,190.15675872925408,4.616080084815621,50.0,327.3208408113876,50.0,4.622730239643813,-0.858068,137.16408208213352
CONTROLPR,2,-409.1434681483297,6.540853716433048,0.0,-409.1434681483297,0.0,1.1014680635132446,-1.8838062,0.0
SMSPHARMA,2,853.574229551815,7.137202471494675,100.0,678.7202471494675,100.0,15.012154537635125,-2.6070764,-174.85398240234758
DEEPINDS,2,133.51122474312362,4.506533034145832,100.0,419.75887639677467,100.0,7.900868504429592,-1.8905697,286.247651653651
DCBBANK,2,709.6969696969696,5.2619606256484985,100.0,491.1960625648498,100.0,8.926767676767666,0.0,-218.50090713211983
DATAMATICS,2,928.7853484503589,4.064611252397299,100.0,371.4611252397298,100.0,12.515646887585374,-6.596809,-557.324223210629
DALMIASUG,2,-1246.6552728048719,4.70843156799674,50.0,-781.1620463029778,50.0,7.091821569837897,,465.493226501894
DABUR,2,-350.81245211616096,2.378490101546049,0.0,-350.81245211616096,0.0,0.3448568066254709,,0.0
INDOAMIN,2,-2531.953864251334,3.9751029573380947,0.0,-2531.953864251334,0.0,0.0,,0.0
PARAS,2,543.1336781080354,3.022837173193693,50.0,49.360713231677586,50.0,9.525329651097147,-3.2204666,-493.7729648763578
ONWARDTEC,2,710.9008221138863,7.018225733190775,50.0,460.49551077580963,100.0,10.752180626494312,-0.19273128,-250.40531133807667
IRCON,2,-80.07807469414149,4.5015147887170315,50.0,95.21571673452857,50.0,6.549058274307784,-2.397698,175.29379142867006
INTENTECH,2,-633.8773131630277,4.038787633180618,0.0,-633.8773131630277,0.0,3.0969625612482843,,0.0
DHARMAJ,2,-212.67504749228112,5.97540307790041,50.0,202.8976074632377,50.0,5.842565720471593,-2.7638192,415.57265495551883
DENORA,2,21.11165271696028,4.019587859511375,100.0,701.9233520299267,100.0,7.668437180659582,-4.009539,680.8116993129664
DELTACORP,2,-507.3112421484427,2.913598669692874,50.0,-509.2103975972739,50.0,2.861995714835097,-3.6945813,-1.899155448831209
SKIPPER,2,453.1377204932857,5.509952921420336,100.0,515.9952921420336,100.0,9.67982748358155,-3.4166713,62.857571648747864
SIGACHI,2,-89.36156763590382,5.507883056998253,50.0,63.65711555921031,0.0,3.5542839967902307,-0.7619118,153.01868319511414
SIEMENS,2,142.77198768174185,2.9912641271948814,100.0,264.12641271948814,0.0,4.0759745258149955,-2.8739223,121.3544250377463
SHK,2,1364.8340566189104,3.4333417657762766,100.0,308.3341765776276,100.0,15.638453734972568,-5.4413414,-1056.4998800412827
PGIL,2,823.7275394206084,3.0920096207410097,100.0,274.20096207410097,100.0,11.835350201686834,-1.6666667,-549.5265773465075
PENIND,2,-40.34744252285446,5.419440194964409,0.0,-40.34744252285446,0.0,2.06173676490653,-4.9952774,0.0
PDMJEPAPER,2,-547.0934781339404,6.545144319534302,50.0,-23.06213434874138,50.0,2.5826446280991733,-6.327463,524.0313437851989
ICIL,2,540.1178865360384,2.763407351449132,100.0,241.34073514491317,100.0,9.098713831931471,-2.5345273,-298.77715139112524
HPL,2,-11.800810315946118,2.254242729395628,100.0,297.5996337995251,100.0,7.429194748529355,,309.40044411547126
HONAUT,2,-254.1243650022323,2.4670708924531937,0.0,-254.1243650022323,0.0,0.05696738322702455,-1.0457584,0.0
HOMEFIRST,2,83.76167874892097,4.5057350769639015,50.0,162.02624396626064,50.0,3.569043646516623,-3.2732234,78.26456521733967
INDRAMEDCO,2,1902.0699439597072,2.2434741724282503,100.0,189.34741724282503,100.0,25.642867276725546,-1.3738738,-1712.7225267168822
SHAREINDIA,2,-184.07068959567226,2.0654138643294573,0.0,-184.07068959567226,0.0,0.9966898638324007,-5.701853,0.0
SHAH,2,386.4548039331833,4.480234067887068,100.0,413.0234067887067,100.0,17.552718872171546,-2.4519458,26.56860285552341
SCHAEFFLER,2,581.6471643279369,2.8008111752569675,100.0,245.08111752569673,100.0,8.071736173797273,-2.3926404,-336.5660468022402
SBILIFE,2,-65.571067802877,2.6980703230947256,50.0,-28.036972019654346,50.0,3.6925518102057353,-0.33470738,37.534095783222654
SBCL,2,390.4139884845631,6.512827984988689,50.0,397.73439847182567,50.0,6.696483346433634,-2.422925,7.320409987262565
EIHOTEL,2,-348.0183598015357,3.553852206096053,0.0,-348.0183598015357,0.0,0.6725211085465088,-2.5387454,0.0
EICHERMOT,2,72.32888856360364,1.501674170140177,50.0,-161.91197080925258,50.0,3.5321238129524035,-0.96924174,-234.24085937285622
ECLERX,2,334.12442250146444,4.543760232627392,50.0,-194.33485077387013,50.0,9.3045345302891,,-528.4592732753346
EASEMYTRIP,2,140.9534927173717,7.408817298710346,50.0,-26.73214839981619,50.0,11.702484889187371,-4.429134,-167.68564111718788
DYNPRO,2,-290.7126363986728,7.323146611452103,0.0,-290.7126363986728,0.0,2.4057060155659338,,0.0
DYCL,2,-742.1126621589341,3.396082390099764,50.0,-3.597632077786371,0.0,3.8343719814289745,-3.661749,738.5150300811478
ESCORTS,2,6.42099622895579,4.348498675972223,0.0,6.42099622895579,0.0,2.892144160772636,-1.0403267,0.0
GULPOLY,2,309.11217771523394,5.5570791475474834,50.0,139.69981371766303,50.0,7.309644670050764,0.0,-169.4123639975709
PRIMESECU,2,559.5214400325838,3.019028017297387,100.0,266.9028017297387,50.0,7.469827750189673,-1.8247135,-292.61863830284506
HLEGLAS,2,-15.472733666762018,4.473556764423847,50.0,88.19613565093813,0.0,4.3188720027472645,-1.3207011,103.66886931770014
HINDZINC,2,481.6064480907573,4.715915769338608,100.0,661.7724445421397,100.0,10.532994338716117,-3.5635252,180.16599645138245
HINDUNILVR,2,-320.16618245645947,1.229996490292251,50.0,-172.51522124902607,0.0,0.5233458493025367,-1.1452255,147.6509612074334
HGS,2,1048.4655688622763,2.276152139529586,100.0,192.61521395295858,100.0,14.218163672654693,0.0,-855.8503549093177
EMSLIMITED,2,-82.99095231647789,3.1750699039548635,50.0,-65.26142459686689,50.0,10.698000376986815,-2.0144928,17.729527719611
EMIL,2,-299.4774761190522,4.711409471929073,0.0,-299.4774761190522,0.0,2.9010964999299005,-0.6694295,0.0
GABRIEL,2,579.43541063537,2.9220987111330032,100.0,257.2098711133003,100.0,14.132958092972558,-0.50569314,-322.22553952206965
FINOPB,2,168.35446215639482,4.040886927396059,50.0,14.400252480682996,50.0,7.473092130036408,-4.4807954,-153.9542096757118
FINEORG,2,217.72436410551765,2.629387378692627,100.0,227.9387378692627,100.0,11.266509538966641,-0.7313497,10.214373763745044
FINCABLES,2,-69.35542014835369,3.118721302598715,50.0,136.58792094801979,0.0,2.3630041394219092,-2.554626,205.94334109637347
ROLEXRINGS,2,151.32646663869212,2.609759382903576,100.0,225.9759382903576,50.0,6.637574563766391,-1.1994519,74.64947165166546
RKFORGE,2,635.700504617,4.9879842437803745,100.0,463.7984243780374,100.0,8.622485799104496,,-171.90208023896258
GRSE,2,527.3181739897998,3.9492077194154263,100.0,359.92077194154257,100.0,11.355539990469998,-0.36188793,-167.39740204825722
GREENPANEL,2,816.3320891525321,7.187744602560997,100.0,683.7744602560997,100.0,13.367905049153006,-1.6720375,-132.55762889643245
GRAUWEIL,2,-398.6094846834698,5.602980498224497,50.0,-209.01780020130545,50.0,4.505279866030543,-1.8009173,189.59168448216437
GPPL,2,62.96016475708492,6.322331819683313,100.0,597.2331819683313,100.0,11.643298970383487,,534.2730172112464
RAMCOCEM,2,-34.99832338770655,2.234629960730672,0.0,-34.99832338770655,0.0,1.2846999068599207,-1.2846876,0.0
RAIN,2,-176.10157248200585,4.411803651601076,50.0,118.90994547250902,50.0,4.815263134631797,,295.0115179545149
QPOWER,2,1080.5009006969628,6.187612377107143,100.0,624.2553211100283,100.0,14.070343204021318,-2.285802,-456.2455795869346
PUNJABCHEM,2,236.584059893859,4.1444342117756605,50.0,-0.4152108728888715,50.0,5.840745830174365,-2.4200888,-236.99927076674788
PRINCEPIPE,2,-230.59377239130262,2.759823016822338,50.0,-206.74051259987948,50.0,3.3132920729687987,-4.083304,23.85325979142314
HDFCAMC,2,411.5685311504708,3.5418602637946606,100.0,320.23638374157173,50.0,6.462644352457514,-0.41121617,-91.33214740889906
HAVELLS,2,-143.10898268131308,3.909145900979638,50.0,28.220431425647376,0.0,2.1129158182777275,-1.2046045,171.32941410696046
GFLLIMITED,2,1227.002985931191,8.44800416380167,100.0,809.800416380167,100.0,15.217540474338875,-1.8982807,-417.202569551024
GENUSPAPER,2,413.12718797047063,4.250683449208736,100.0,390.0683449208736,100.0,16.464402967477465,-2.740754,-23.058843049597044
GANESHHOU,2,734.6349820950599,3.9830912835896015,100.0,363.3091283589601,100.0,12.44677753717105,-2.2855098,-371.32585373609976
RHIM,2,-202.3788406702165,7.176032662391663,0.0,-202.3788406702165,0.0,2.7193503401838015,-3.7714238,0.0
REDINGTON,2,-10.411588625187065,4.803415993228555,50.0,108.49575217706523,0.0,2.9158451240877015,-1.8174043,118.90734080225229
RBLBANK,2,414.9193912157306,8.02789768204093,50.0,252.55276208678345,50.0,7.294117647058829,-3.550128,-162.36662912894718
GOACARBON,2,-487.0569005031361,3.7019144743680954,50.0,-88.34943822443596,50.0,5.045448480855752,-1.9186112,398.7074622787001
GRWRHITECH,2,1323.731791907515,4.683221224695444,50.0,207.01755292412193,50.0,15.082982658959542,-1.5343295,-1116.714238983393
WELENT,2,131.89055761399393,5.50438417121768,50.0,31.221149462101785,50.0,7.562350197527201,-2.8681486,-100.66940815189216
VMART,2,689.7902191617006,2.8765594121068716,100.0,375.8418731235563,100.0,10.213113965459176,-1.1123023,-313.94834603814434
VINDHYATEL,2,243.86382454402334,2.991632465273142,100.0,264.16324652731413,50.0,6.154989983936532,-0.57749,20.299421983290785
AFFLE,2,443.48325308614267,1.656675525009632,100.0,130.6675525009632,100.0,8.987718763176622,,-312.81570058517946
AEROFLEX,2,544.6725270976699,5.5156114511191845,50.0,261.39627396830457,100.0,9.304528361109998,-0.93275046,-283.27625312936533
AEROENTER,2,95.28315557959803,4.798610974103212,100.0,444.8610974103212,50.0,5.711535500073051,-2.8157218,349.57794183072315
AEGISLOG,2,-48.85353887913668,3.0435158405452967,50.0,-242.4030250927067,50.0,8.615111080421489,-0.34788108,-193.54948621357005
AMBUJACEM,2,438.33237481232413,3.0630335910245776,50.0,148.97185822602302,50.0,5.637231211377247,-5.4796515,-289.3605165863011
WONDERLA,2,232.0106474462974,3.0284446198493242,100.0,267.84446198493237,50.0,9.469312127095586,-4.005426,35.833814538634954
WIPRO,2,776.4376398779243,1.3801165856420994,100.0,103.01165856420994,50.0,9.17240284842319,-0.9155646,-673.4259813137144
WINDMACHIN,2,-460.15659453236213,7.635204214602709,0.0,-460.15659453236213,50.0,5.073773062777287,-1.3095238,0.0
ADANIPORTS,2,2183.1372549019607,3.4791586454957724,100.0,312.9158645495772,100.0,25.21786492374728,-13.888889,-1870.2213903523834
ACUTAAS,2,595.4939967080347,4.9692141357809305,100.0,488.7952680426072,50.0,8.789354633491197,-1.5919408,-106.69872866542755
ACC,2,84.1712978871412,2.041330118663609,50.0,-66.62187806662276,0.0,2.736100205452041,-1.6541947,-150.79317595376395
ABBOTINDIA,2,96.85648524750515,1.7164713237434626,50.0,35.711438969428,0.0,2.217673706168466,-0.8126411,-61.145046278077146
ABB,2,-49.165092530201704,4.2030141688883305,0.0,-49.165092530201704,0.0,2.7745275500301703,-1.6674737,0.0
ABDL,1,-37.71739130434767,1.8124829977750778,100.0,146.24829977750778,0.0,3.9673913043478226,-0.36231884,183.96569108185545
ACCELYA,1,34.21373200442948,2.0277775824069977,100.0,167.77775824069977,100.0,5.1033591731266315,0.0,133.56402623627028
ACE,1,1195.729701952724,5.103910155594349,100.0,475.39101555943483,100.0,16.49537512846866,,-720.3386863932892
XCHANGING,1,573.4949215143131,6.0880618169903755,100.0,573.8061816990376,100.0,11.643582640812555,,0.3112601847244605
ZAGGLE,1,-425.62500000000006,5.5907173082232475,0.0,-425.62500000000006,0.0,1.5413851351351315,-1.7947634,0.0
ZOTA,1,121.94463155058625,5.790106393396854,0.0,121.94463155058625,0.0,2.451838879159385,-4.9575644,0.0
MANAKSIA,1,222.14285714285802,3.2935419119894505,100.0,294.35419119894505,0.0,4.0000000000000036,-1.7619047,72.21133405608703
MANAPPURAM,1,72.5561606535036,3.7042565643787384,0.0,72.5561606535036,0.0,3.4717494894485945,-5.820286,0.0
ALKYLAMINE,1,-42.69442154438082,4.631215333938599,100.0,428.1215333938598,100.0,6.095081066226982,,470.8159549382406
AMBER,1,760.5445544554451,2.890804596245289,100.0,254.08045962452888,100.0,17.32673267326732,,-506.4640948309162
AMBIKCO,1,69.21871653936599,2.8925256803631783,0.0,69.21871653936599,0.0,2.8624455707045415,,0.0
ADVENZYMES,1,-220.40669856459303,3.6159317940473557,0.0,-220.40669856459303,0.0,2.248803827751189,,0.0
AHLUCONT,1,-502.9802955665025,3.1806367449462414,0.0,-502.9802955665025,0.0,2.37068965517242,-0.9390394,0.0
AIIL,1,-388.8732394366207,5.262778699398041,0.0,-388.8732394366207,0.0,1.8133802816901357,-1.0211267,0.0
AJANTPHARM,1,986.7692210897188,1.8273308873176575,100.0,147.73308873176575,100.0,10.632943249024795,-0.59141815,-839.0361323579531
WEL,1,2034.5187165775385,5.486052110791206,100.0,991.7379679144373,100.0,21.60427807486631,,-1042.7807486631013
GUFICBIO,1,422.38636363636505,6.159205175936222,100.0,580.9205175936222,100.0,10.45454545454545,,158.53415395725716
GUJALKALI,1,433.6118479221934,5.6245749816298485,100.0,527.4574981629848,100.0,11.582670203359857,0.0,93.84565024079143
GODREJPROP,1,613.0538889731213,8.278287202119827,100.0,792.8287202119827,100.0,8.289111741644838,0.0,179.77483123886145
GOLDCASE,1,-1088.3980582524282,4.3694401159882545,0.0,-1088.3980582524282,0.0,0.43689320388349273,,0.0
RATNAMANI,1,764.7890666197915,2.5619065389037132,100.0,221.19065389037132,100.0,10.113083728833416,,-543.5984127294201
RELAXO,1,-425.2255639097752,2.5581909343600273,100.0,220.81909343600273,0.0,3.609022556390973,,646.044657345778
RISHABH,1,-239.49438202247205,3.0883412808179855,100.0,273.83412808179855,100.0,9.505617977528091,-0.43820226,513.3285101042707
GESHIP,1,282.85185707237986,4.94755245745182,100.0,459.755245745182,100.0,8.252871943054462,-0.2748608,176.90338867280212
HEMIPROP,1,-8.33333333333405,5.45208677649498,0.0,-8.33333333333405,0.0,3.111111111111109,-13.333334,0.0
PRUDENT,1,818.4053675495867,3.2980509102344513,100.0,369.94234761511814,100.0,12.953652985167952,-0.69533026,-448.46301993446855
QUADFUTURE,1,-569.8837209302327,2.4562787264585495,0.0,-569.8837209302327,0.0,1.1491108071135292,,0.0
RADICO,1,-285.26455026454954,8.231320232152939,0.0,-285.26455026454954,0.0,2.7460317460317407,-6.634921,0.0
GRANULES,1,443.723404255319,5.677415989339352,100.0,532.7415989339352,100.0,6.901595744680855,-2.06117,89.01819467861617
GICHSGFIN,1,-2035.5151541169398,3.922334499657154,0.0,-2035.5151541169398,0.0,0.0,,0.0
GLAND,1,231.46269877975027,3.5068513825535774,100.0,315.6851382553577,0.0,4.037852645060291,-1.2380376,84.22243947560742
GLOBAL,1,1166.7762975298351,4.580490663647652,100.0,423.0490663647651,100.0,26.06161532056619,-1.415487,-743.72723116507
ROHLTD,1,170.0877538946949,5.485778860747814,100.0,513.5778860747814,100.0,13.113784263458882,-2.1889174,343.4901321800865
RPPINFRA,1,781.4714235001758,3.646489605307579,100.0,329.64896053075785,100.0,9.330256774346225,-0.60347885,-451.8224629694179
SAFARI,1,1056.5395284327321,3.315998986363411,100.0,296.5998986363411,100.0,12.343966712898746,0.0,-759.939629796391
SAGCEM,1,1097.6194398682032,2.115532848984003,100.0,176.5532848984003,100.0,12.89126853377265,,-921.0661549698029
FEDERALBNK,1,-493.6902459242881,3.4425172954797745,0.0,-493.6902459242881,0.0,0.635534678087879,-1.7269963,0.0
FEDFINA,1,67.40000000000028,4.108330234885216,100.0,375.8330234885215,100.0,9.919999999999995,0.0,308.43302348852126
FIEMIND,1,1049.6507904742864,2.863975800573826,100.0,251.39758005738258,100.0,13.067840704422661,-1.6743379,-798.2532104169038
FINPIPE,1,-560.5255255255242,2.202946599572897,0.0,-560.5255255255242,0.0,0.9009009009009139,,0.0
FIRSTCRY,1,-28.03944315545145,1.760281901806593,100.0,141.0281901806593,100.0,6.148491879350337,-0.80626446,169.06763333611076
FLUOROCHEM,1,-341.40668523676976,3.010057844221592,100.0,266.0057844221592,100.0,7.76462395543176,,607.412469658929
FOSECOIND,1,-62.59795570698386,2.2191010415554047,100.0,186.91010415554047,0.0,3.5775127768313375,-2.826235,249.50805986252433
FSL,1,83.61313868613,2.778960205614567,100.0,242.89602056145668,100.0,6.660583941605824,-0.42579076,159.28288187532667
SANDUMA,1,1057.9844941663714,4.670343734323978,100.0,432.0343734323978,100.0,14.904793171372276,-0.7071064,-625.9501207339736
SANGHVIMOV,1,-300.40284360189514,5.954375304281712,100.0,560.4375304281712,100.0,7.156398104265405,-3.1279619,860.8403740300663
SANSTAR,1,935.3401876243722,2.104008197784424,100.0,175.40081977844238,100.0,15.5974604377902,-0.97602576,-759.9393678459298
SARDAEN,1,-217.309250506415,8.745113015174866,0.0,-217.309250506415,100.0,5.806887238352476,-1.5304974,0.0
SASKEN,1,809.0233236151595,2.6777690276503563,100.0,232.77690276503563,100.0,13.341836734693867,0.0,-576.2464208501239
SATIN,1,-197.16216216216162,6.395450793206692,0.0,-197.16216216216162,0.0,1.8918918918918948,,0.0
ENDURANCE,1,1.351909941074733,4.731406457722187,0.0,1.351909941074733,0.0,0.7241065931810953,-3.0224855,0.0
EQUITASBNK,1,260.03105590062086,2.873536851257086,100.0,252.35368512570858,100.0,8.229813664596275,-4.813665,-7.677370774912276
ESABINDIA,1,583.4744017982813,1.9803576171398163,100.0,163.03576171398163,100.0,7.560765530135916,-3.6154702,-420.43864008429966
HEROMOTOCO,1,253.4703841453007,1.7065909691154957,100.0,135.65909691154957,0.0,3.813854463734212,-0.7254472,-117.81128723375113
HESTERBIO,1,-439.02719665272093,2.0619881339371204,100.0,171.19881339371204,0.0,2.3317642956764306,-0.13947001,610.226010046433
HGINFRA,1,-78.1372549019604,3.6746418103575706,100.0,332.464181035757,100.0,8.627450980392148,,410.6014359377174
HINDALCO,1,-308.0923694779119,5.018271319568157,0.0,-308.0923694779119,0.0,0.8032128514056325,-1.6566266,0.0
HINDWAREAP,1,351.89121529358323,1.7714819870889187,100.0,142.14819870889187,100.0,6.053709604005464,-3.9599452,-209.74301658469136
PNCINFRA,1,-138.93631136665138,7.816034555435181,0.0,-138.93631136665138,0.0,3.6598850066342337,-0.04422822,0.0
POCL,1,33.965517241379445,6.627867929637432,100.0,654.6551724137922,100.0,9.458128078817719,0.0,620.6896551724128
POLYCAB,1,-112.00205338808996,2.7382236905395985,0.0,-112.00205338808996,0.0,1.129363449691989,,0.0
POLYPLEX,1,678.5678391959809,5.354678072035313,100.0,500.4678072035312,100.0,8.442211055276383,-1.9572865,-178.10003199244971
HAL,1,-284.9999999999991,1.641622232273221,100.0,129.1622232273221,100.0,5.156950672645744,,414.1622232273212
EVERESTIND,1,185.47970479704972,2.4064515717327595,100.0,205.64515717327595,100.0,7.813653136531373,-0.39667898,20.165452376226227
EXCELINDUS,1,488.95750523957395,4.091626405715942,100.0,374.1626405715942,100.0,11.58488111584881,,-114.79486466797977
SETL,1,501.744901885342,7.4874211102724075,100.0,713.7421110272408,100.0,14.659484417083512,-1.8853406,211.99720914189874
SHALBY,1,-1297.9022465088046,7.774587348103523,0.0,-1297.9022465088046,0.0,2.671523982999391,-2.9548674,0.0
INDORAMA,1,1583.4210526315778,4.911471344530582,100.0,456.1471344530582,100.0,19.342105263157894,0.0,-1127.2739181785196
HUDCO,1,66.18406889128018,1.3455161359161139,100.0,99.55161359161139,100.0,8.869752421959088,-0.27987084,33.36754470033121
HUHTAMAKI,1,-224.30184091698442,3.0206077732145786,100.0,267.06077732145786,0.0,3.786036818339711,-2.3619313,491.3626182384423
ICRA,1,-98.251670378619,3.6348745226860046,0.0,-98.251670378619,0.0,0.801781737193763,,0.0
IDFCFIRSTB,1,392.9891304347827,1.1160927824676037,100.0,76.60927824676037,0.0,4.483695652173925,-2.1059783,-316.3798521880223
PCBL,1,315.3719702423802,3.7472298368811607,100.0,339.722983688116,100.0,7.727381809455247,,24.351013445735816
PENINLAND,1,-214.5429815016325,9.8932895809412,0.0,-214.5429815016325,100.0,7.1273122959738755,-2.6840768,0.0
PGHL,1,-550.0370477989253,1.586144370958209,0.0,-550.0370477989253,0.0,1.5545546999854665,,0.0
SHYAMMETL,1,1512.6338343062966,2.535714302212,100.0,218.5714302212,100.0,19.215004347286047,-0.2856788,-1294.0624040850967
SILVERAG,1,1082.141967344395,2.1990236826241016,100.0,184.90236826241016,100.0,22.347288339191174,-0.004448992,-897.2395990819848
SIYSIL,1,577.0537681798144,2.279368042945862,100.0,192.93680429458618,100.0,6.120537681798144,-4.1978846,-384.1169638852282
SJS,1,9.215772972104883,4.539535194635391,0.0,9.215772972104883,0.0,3.143339496744102,-3.0468688,0.0
SJVN,1,125.64257028112428,1.4311389066278934,100.0,108.11389066278934,100.0,5.421686746987953,,-17.528679618334934
SKFINDIA,1,133.09508025948273,2.0581395365297794,100.0,170.81395365297794,0.0,3.5749798759410867,-1.3447607,37.718873393495215
DENTA,1,-108.2089942478653,4.425681941211224,100.0,407.5681941211223,100.0,5.176921736099005,-0.2614607,515.7771883689876
DIVGIITTS,1,461.8367777309157,3.204180859029293,100.0,285.4180859029293,100.0,12.172079291438198,-3.5681148,-176.41869182798638
DLF,1,426.55965830807276,2.8600781224668026,100.0,251.00781224668026,100.0,6.565169468173071,-2.9415817,-175.5518460613925
JINDALPOLY,1,-722.2881355932193,2.3199809715151787,0.0,-722.2881355932193,0.0,0.7118644067796609,-2.0338984,0.0
JINDALSAW,1,263.33048757351486,6.619969010353088,0.0,263.33048757351486,0.0,4.809334092202611,-0.037943464,0.0
INFY,1,6.2876137158857395,2.2201976738870144,0.0,6.2876137158857395,0.0,1.1686494051784457,-0.9447166,0.0
INGERRAND,1,-566.4241783586393,3.2648425549268723,100.0,343.6277147799355,0.0,3.786277147799355,0.0,910.0518931385748
INSECTICID,1,-246.66134185303554,2.020470565184951,0.0,-246.66134185303554,0.0,0.31948881789136685,-1.7172525,0.0
IRFC,1,161.07843137254832,11.81853823363781,0.0,161.07843137254832,0.0,4.675716440422328,-1.3574661,0.0
ONMOBILE,1,3740.206611570248,2.184440614655614,100.0,183.4440614655614,100.0,41.15702479338843,0.0,-3556.7625501046864
IEX,1,-129.17154492237233,3.207159787416458,100.0,285.7159787416458,100.0,5.064902010689742,,414.88752366401815
IMFA,1,325.65573770491795,6.473510153591633,0.0,325.65573770491795,100.0,5.997267759562841,-4.0983605,0.0
INDIANHUME,1,394.3407073206223,4.125794023275375,100.0,377.5794023275375,100.0,13.5205938000291,0.0,-16.76130499308482
INDOBORAX,1,515.8576950954347,2.857709489762783,100.0,250.7709489762783,100.0,10.654747523556418,-0.77313364,-265.0867461191564
DONEAR,1,942.5733179988499,5.574910715222359,100.0,522.4910715222359,100.0,17.308798159861993,0.0,-420.08224647661405
CYIENTDLM,1,-623.8779635092324,2.5767553597688675,0.0,-623.8779635092324,0.0,0.524418223533285,-3.856659,0.0
DATAPATTNS,1,738.1147540983607,2.6937547139823437,100.0,234.37547139823437,100.0,10.816393442622951,-7.396721,-503.7392827001263
DBCORP,1,-322.8392736404911,4.3997954577207565,0.0,-322.8392736404911,0.0,1.60339998068193,-2.366464,0.0
SKYGOLD,1,-126.4826498422705,9.241225942969322,0.0,-126.4826498422705,100.0,5.741324921135638,-1.214511,0.0
SOLARA,1,1358.8003329284209,5.502987653017044,100.0,515.2987653017044,100.0,14.47338822153239,-1.2147388,-843.5015676267165
SPORTKING,1,-547.71363067945,1.1830191127955914,100.0,83.30191127955914,0.0,2.334305960817007,-6.6277614,631.0155419590092
COFORGE,1,178.96396396396344,2.2472617216408253,100.0,189.72617216408253,0.0,2.533783783783794,-2.252252,10.76220820011909
COMSYN,1,423.00920781076337,3.5458452068269253,100.0,319.58452068269247,100.0,6.3660898555326195,0.0,-103.4246871280709
CONCOR,1,-536.396648044693,1.6856722068041563,100.0,133.56722068041563,0.0,2.4022346368715253,-0.5586592,669.9638687251087
COROMANDEL,1,362.94520547945075,2.415635995566845,100.0,206.5635995566845,100.0,5.47945205479452,,-156.38160592276625
COSMOFIRST,1,1133.494516450649,2.4317190051078796,100.0,208.17190051078796,100.0,11.684945164506487,-0.0997009,-925.322615939861
CSBBANK,1,220.21267723102483,5.335874296724796,0.0,220.21267723102483,100.0,5.2543786488740585,-1.1009175,0.0
CUB,1,-27.528950317520753,4.234063625335693,100.0,388.4063625335693,100.0,5.080313784086665,,415.93531285109003
CYIENT,1,2374.9099099099108,2.6509630493819714,100.0,230.09630493819714,100.0,28.986486486486495,,-2144.8136049717136
STEELCAS,1,-88.29457364341094,5.768678151071072,0.0,-88.29457364341094,0.0,3.197674418604657,-0.48449612,0.0
SUDARCOLOR,1,-1723.5057471264365,2.340962551534176,100.0,199.0962551534176,0.0,3.4022988505747254,,1922.602002279854
CHOLAFIN,1,519.0983606557393,3.6792758852243423,100.0,332.9275885224342,100.0,5.9484777517564424,-1.2365339,-186.1707721333051
KINGFA,1,389.4649413450352,5.162163823843002,100.0,481.2163823843002,100.0,8.951971582937833,-0.40967673,91.75144103926499
JSWSTEEL,1,577.0481927710841,1.6676731407642365,100.0,131.76731407642365,100.0,7.921686746987944,-1.1927711,-445.2808786946605
NRBBEARING,1,-106.91201353637932,2.512141317129135,100.0,216.2141317129135,0.0,3.9763113367174308,,323.12614524929285
NSLNISP,1,-215.55555555555492,5.984711833298206,0.0,-215.55555555555492,100.0,5.833333333333335,-1.0833334,0.0
NTPC,1,214.25494445949604,2.8825851157307625,100.0,253.25851157307625,0.0,3.847195881874832,-0.40639392,39.0035671135802
OAL,1,155.06211180124134,2.9196499846875668,100.0,256.9649984687567,100.0,13.291925465838506,-2.2111802,101.90288666751533
OBEROIRLTY,1,2659.8630691946196,6.361528113484383,100.0,601.1528113484383,100.0,40.98201263976664,,-2058.7102578461813
OLAELEC,1,-665.3501945525292,3.671613894402981,0.0,-665.3501945525292,0.0,2.7237354085603016,-2.7237353,0.0
ITI,1,-1145.285926476049,3.0844184570014477,0.0,-1145.285926476049,0.0,2.8221314519123464,,0.0
JAMNAAUTO,1,-113.06955287437911,7.258649170398712,0.0,-113.06955287437911,0.0,2.058197303051812,,0.0
JAYSREETEA,1,-172.37075332348692,8.879530802369118,0.0,-172.37075332348692,100.0,6.646971935007384,-1.5805023,0.0
CLEAN,1,-374.63720571208114,1.5281673986464739,0.0,-374.63720571208114,0.0,0.22605723107458342,-1.1964493,0.0
CLSEL,1,-254.7802197802201,5.9651218354702,0.0,-254.7802197802201,0.0,1.5659340659340604,-6.510989,0.0
CMSINFO,1,-247.5310516146839,1.7647039145231247,100.0,141.47039145231247,100.0,7.369583218327347,-1.0626552,389.00144306699633
CAMS,1,208.16939890710375,1.9924568943679333,100.0,164.24568943679333,0.0,3.770491803278686,-3.0054646,-43.92370947031043
CANFINHOME,1,-754.5357833655703,7.67095647752285,0.0,-754.5357833655703,0.0,0.0,-8.104448,0.0
CAPLIPOINT,1,482.39518287243544,3.4323816187679768,100.0,308.2381618767977,100.0,9.433541480820695,,-174.15702099563777
CARERATING,1,214.40476190476346,2.8784780763089657,100.0,252.84780763089657,100.0,5.119047619047623,-0.29166666,38.44304572613311
CCL,1,471.49813067473514,1.975852344185114,100.0,162.5852344185114,100.0,7.601922734555799,-1.5488695,-308.91289625622375
SUPRAJIT,1,68.03030303030259,3.671194240450859,100.0,332.11942404508585,100.0,13.787878787878793,,264.08912101478325
SURYODAY,1,-237.70270270270174,1.9276801496744156,100.0,157.76801496744156,100.0,7.3841698841699,-2.0752895,395.4707176701433
TAJGVK,1,1099.4537815126055,4.011010564863682,100.0,775.9243697478985,100.0,19.887955182072826,-1.6666667,-323.529411764707
TARSONS,1,-1383.484848484849,4.748670570552349,0.0,-1383.484848484849,0.0,3.809523809523818,-2.8354979,0.0
BIRLANU,1,27.02531645569609,5.5813925340771675,0.0,27.02531645569609,0.0,4.810126582278484,-1.5714285,0.0
BOSCHLTD,1,-231.7460927491682,1.7901082523167133,100.0,144.01082523167133,0.0,2.4340251088905918,0.0,375.75691798083955
BPL,1,618.8007089405285,3.4239033237099648,100.0,307.3903323709965,100.0,11.855061047656545,-2.6467113,-311.410376569532
TATVA,1,1212.2030651340992,1.879805140197277,100.0,152.9805140197277,100.0,13.492720306513405,-0.50268203,-1059.2225511143715
TCI,1,403.1818181818175,3.5354385152459145,100.0,318.5438515245914,100.0,9.218181818181836,,-84.63796665722612
TCIEXP,1,235.23121387283135,5.074631422758102,100.0,472.4631422758102,100.0,5.404624277456649,0.0,237.23192840297884
TCPLPACK,1,-499.444444444444,8.099332824349403,0.0,-499.444444444444,100.0,6.115555555555541,-2.4888887,0.0
TECHM,1,472.1038251366122,4.559800960123539,100.0,420.98009601235384,100.0,7.912568306010925,,-51.123729124258375
TECHNOE,1,-505.81431659860675,11.314809694886208,0.0,-505.81431659860675,100.0,7.513812154696131,-1.032909,0.0
TEXMOPIPES,1,479.0845070422539,2.751541417092085,100.0,240.1541417092085,100.0,12.676056338028175,0.0,-238.93036533304542
BBL,1,-96.11732805371584,11.445377767086029,0.0,-96.11732805371584,0.0,4.071619178789709,,0.0
KOTAKBANK,1,-280.0000000000008,3.5909948870539665,0.0,-280.0000000000008,0.0,1.4999999999999902,,0.0
NELCO,1,1237.8813559322027,5.268026888370514,100.0,491.80268883705133,100.0,17.211864406779643,-0.279661,-746.0786670951513
NEOGEN,1,1536.6031778366269,1.81657113134861,100.0,146.657113134861,100.0,16.826237522917097,-1.5379914,-1389.9460647017659
NITINSPIN,1,598.1272649754837,6.783748045563698,100.0,708.9778298870169,100.0,9.01726710722659,-4.0716267,110.85056491153318
JYOTICNC,1,607.6174496644288,3.2872628420591354,100.0,293.72628420591354,100.0,8.691275167785228,-2.2399328,-313.8911654585153
KALAMANDIR,1,-354.9336924989638,1.33314598351717,100.0,98.314598351717,100.0,7.617074181516781,0.0,453.2482908506808
KDDL,1,129.65621230397966,7.494679093360901,0.0,129.65621230397966,0.0,3.9806996381182236,-2.1712906,0.0
KEI,1,-462.56860242501585,4.136845283210278,0.0,-462.56860242501585,0.0,1.7443097213358794,-0.74452245,0.0
KIMS,1,-261.1737638433936,3.915872238576412,0.0,-261.1737638433936,0.0,1.3882389642801307,-3.7279677,0.0
BEL,1,167.8123309897234,1.5872660093009472,100.0,123.72660093009472,0.0,2.7041644131963194,-0.378583,-44.08573005962867
BHEL,1,-14.28176795580324,1.5298135578632355,100.0,117.98135578632355,100.0,7.320441988950277,,132.2631237421268
TOP100CASE,1,-82.34848484848509,1.1655018664896488,100.0,154.39393939393813,0.0,2.9356060606060552,-2.5568182,236.74242424242323
TORNTPOWER,1,348.87978142076616,4.0207404643297195,100.0,367.0740464329719,100.0,9.289617486338809,0.0,18.194265012205733
BAJAJFINSV,1,-304.5692720172527,1.3149972539395094,100.0,96.49972539395094,0.0,1.474616774494364,-2.5470653,401.0689974112036
BALRAMCHIN,1,1441.5489287782275,3.3078362233936787,100.0,295.78362233936787,100.0,17.71858714533876,,-1145.7653064388596
LUMAXTECH,1,589.3902439024396,9.395788609981537,100.0,904.5788609981537,100.0,10.634146341463424,-2.3317072,315.1886170957141
M&MFIN,1,475.49448594806086,2.0501725375652313,100.0,170.01725375652313,100.0,6.083244397011733,-3.9487727,-305.4772321915377
KSL,1,11.38749443985457,3.2800985500216484,100.0,293.00985500216484,100.0,10.059096397026114,-0.006354451,281.6223605623103
LANDMARK,1,697.4446887453616,2.527210582047701,100.0,217.7210582047701,100.0,16.5727635014429,-5.0982547,-479.72363054059156
LAXMIDENTL,1,-455.40185471406426,8.141165226697922,0.0,-455.40185471406426,0.0,3.285493486420843,-0.10156768,0.0
LICHSGFIN,1,-571.5591397849456,2.293817140161991,0.0,-571.5591397849456,0.0,0.5806451612903274,-1.6451612,0.0
LINC,1,1120.470249520154,3.2479267567396164,100.0,289.79267567396164,100.0,18.809980806142022,-3.109405,-830.6775738461924
LINDEINDIA,1,-416.9365798414498,5.324428901076317,100.0,723.7768969422415,100.0,7.587768969422415,,1140.7134767836912
MUTHOOTMF,1,-169.3589743589746,2.145364321768284,100.0,179.53643217682838,0.0,2.5128205128205128,-6.410257,348.895406535803
NATCOPHARM,1,-210.37787008192083,2.186786010861397,100.0,183.67860108613968,0.0,2.572977962386047,,394.0564711680605
NAZARA,1,344.65616045845246,3.195049613714218,100.0,284.5049613714218,100.0,5.945558739255019,-0.96704865,-60.15119908703065
NCLIND,1,978.793103448275,2.9059228487312794,100.0,255.59228487312794,100.0,15.86206896551725,,-723.2008185751471
BALUFORGE,1,-824.9659863945585,14.063502848148346,0.0,-824.9659863945585,100.0,5.782312925170063,-4.217687,0.0
BANCOINDIA,1,-663.9205702647661,2.9511893168091774,0.0,-663.9205702647661,0.0,1.4908350305498974,-3.1364565,0.0
BANKBETA,1,66.6566265060237,0.9191441116854548,100.0,56.91441116854549,0.0,1.9390060240963791,0.0,-9.742215337478207
BANSWRAS,1,464.7707473635948,5.676385387778282,100.0,532.6385387778282,100.0,9.995414947271897,-0.6877579,67.86779141423341
AUTOAXLES,1,45.390405437789084,3.8865411654114723,100.0,353.6541165411472,100.0,7.627284808609813,-0.65358055,308.2637111033581
AVADHSUGAR,1,-1141.527717469966,6.50334395468235,0.0,-1141.527717469966,0.0,3.3868866695614397,-2.301346,0.0
AVTNPL,1,1131.666666666667,2.323269098997116,100.0,197.3269098997116,100.0,18.55555555555557,-1.6666667,-934.3397567669554
AYMSYNTEX,1,-433.4401492031198,6.0975611209869385,0.0,-433.4401492031198,0.0,0.20345879959309254,-4.883011,0.0
TRITURBINE,1,-758.4656134411632,4.02438472956419,0.0,-758.4656134411632,0.0,0.28211397404551697,-4.645477,0.0
TVSELECT,1,1149.2650103519659,3.6078451201319695,100.0,325.7845120131969,100.0,15.638371290545194,0.0,-823.4804983387689
TVTODAY,1,475.25597558908225,1.8802415579557419,100.0,153.0241557955742,100.0,8.476012883539585,,-322.23181979350807
MIDCAP,1,-12.259806708358436,1.1471335776150227,0.0,-12.259806708358436,0.0,1.1370096645821448,-1.5918136,0.0
MOSMALL250,1,30.466448445172798,3.7774465046823025,0.0,30.466448445172798,0.0,3.2733224222585955,-0.54555374,0.0
MOTILALOFS,1,455.4862579281177,3.8226600736379623,100.0,347.2660073637962,100.0,10.570824524312904,,-108.22025056432153
MTNL,1,371.1895551257244,2.4735620245337486,100.0,212.35620245337486,0.0,4.448742746615086,-5.029013,-158.83335267234952
LOWVOL1,1,-25.61473486626106,4.464698955416679,0.0,-25.61473486626106,0.0,0.7038948850305093,-0.28155795,0.0
LTM,1,-91.87637161667979,3.041901718825102,0.0,-91.87637161667979,0.0,0.0,-2.0665693,0.0
LUMAXIND,1,-342.94117647058755,4.496323876082897,0.0,-342.94117647058755,0.0,2.902941176470586,-3.7647057,0.0
ASAHIINDIA,1,783.609022556389,7.919742539525032,100.0,756.9742539525032,100.0,8.834586466165417,-0.11278196,-26.634768603885846
ANURAS,1,-382.28258619976083,4.320401698350906,0.0,-382.28258619976083,0.0,2.1565462146611925,-0.9892793,0.0
APOLLOTYRE,1,38.876710669733555,4.489096067845821,0.0,38.876710669733555,0.0,3.572726171733076,-1.7924186,0.0
APTECHT,1,706.839762611276,4.6984609216451645,100.0,434.8460921645164,100.0,8.536863729742073,-9.65533,-271.9936704467596
ARIHANTSUP,1,-200.3090560613313,4.4420188292860985,0.0,-200.3090560613313,0.0,2.5395304264494545,-2.2520363,0.0
ARMANFIN,1,-48.13101838342545,5.142168514430523,0.0,-48.13101838342545,0.0,4.756346658885335,,0.0
UNIECOM,1,-166.04189044038648,2.0224531181156635,100.0,167.24531181156635,0.0,3.8238453276047357,-1.2137487,333.28720225195286
UTKARSHBNK,1,-422.0343492985007,1.928100734949112,0.0,-422.0343492985007,0.0,1.5481373971939938,-6.773101,0.0
VESUVIUS,1,559.7136563876643,3.5962993279099464,100.0,324.6299327909946,100.0,10.35242290748899,-0.44052863,-235.0837235966697
ALICON,1,828.8519924098675,5.283987522125244,100.0,493.39875221252436,100.0,9.122390891840615,-3.9848197,-335.4532401973432
ZUARIIND,1,817.9411764705897,3.517991490662098,100.0,316.79914906620974,100.0,11.596638655462188,,-501.1420274043799
360ONE,1,273.55018587360615,8.33623893558979,0.0,273.55018587360615,0.0,3.5563816604708753,0.0,0.0
